model,r.squared,adj.r.squared,sigma,statistic,p.value,df,logLik,AIC,BIC,deviance,df.residual,nobs
polrights_fh ~ electricity_use_per_person,0.10561197789941988,0.10430247859912634,1.7689562717803726,80.65065622847969,2.5919187470950314e-18,1,-1361.6883740962812,2729.3767481925624,2742.965004707349,2137.247897074772,683,685
polrights_fh ~ gini,0.01998429316300208,0.019419116861481345,1.8763009674396698,35.359396898328754,3.307859848555542e-9,1,-3554.7454546223767,7115.490909244753,7131.868925930414,6104.556225599681,1734,1736
polrights_fh ~ internet_users,0.26295977073505933,0.26249622342105605,1.6121696137114692,567.2770886410457,1.7618377262210485e-107,1,-3018.2582420879708,6042.5164841759415,6058.634723275154,4132.554472765594,1590,1592
polrights_fh ~ journakilled,0.05804118135147994,0.05444591868488258,1.665991944816663,16.143794413333012,7.676930097135893e-5,1,-508.34703274106545,1022.6940654821309,1033.4219127915699,727.1886399708299,262,264
polrights_fh ~ life_expectancy_years,0.20954159934704328,0.20906770342339043,1.669962595306231,442.16797167586765,2.8858142944656834e-87,1,-3225.00480219409,6456.00960438818,6472.271341104412,4651.676816296166,1668,1670
polrights_fh ~ military_spending_pct_of_gdp,0.13795051072652562,0.13731242820300715,1.6174195224823213,216.19540677253647,1.6469768312525302e-45,1,-2569.388780630795,5144.77756126159,5160.407800146102,3534.2780267160765,1351,1353
polrights_fh ~ murder_per_mil_people,0.11225043219642358,0.10924111162759798,1.2468330740688087,37.30092212815556,3.1880600029437057e-9,1,-485.94158049601697,977.8831609920339,988.9643574084421,458.6048508046032,295,297
polrights_fh ~ primary_school_completion,0.11771794372298065,0.11688795119590911,1.706204476073096,141.83012483055504,8.71973799702766e-31,1,-2079.1675310529267,4164.3350621058535,4179.247252340284,3094.5351381646965,1063,1065
polrights_fh ~ electricity_use_per_person + gini,0.10935969739405257,0.10674784899931378,1.7665398813656963,41.87061454804965,7.055035014038762e-18,2,-1360.2501943260356,2728.5003886520713,2746.6180640051202,2128.2922699746705,682,685
polrights_fh ~ electricity_use_per_person + internet_users,0.3438767710361482,0.34194130428404246,1.5100985471014496,177.67123649218757,9.079358828730397e-63,2,-1245.4849422651614,2498.969884530323,2517.064133754921,1546.1095876874624,678,681
polrights_fh ~ electricity_use_per_person + journakilled,0.07524438453819124,0.06346405822657586,1.4771506786882775,6.387292045042954,0.0021533652965481146,2,-287.9343269316729,583.8686538633458,596.1693491242811,342.5699380252305,157,160
polrights_fh ~ electricity_use_per_person + life_expectancy_years,0.23706633947372455,0.23482899736074425,1.6349921161702579,105.95891352437708,8.472093272980235e-41,2,-1307.2416189117869,2622.4832378235737,2640.6009131766227,1823.1218679983285,682,685
polrights_fh ~ electricity_use_per_person + military_spending_pct_of_gdp,0.32360231140530504,0.32145501715579805,1.4296758720180918,150.70236018170596,3.263368943210956e-54,2,-1122.9489550753815,2253.897910150763,2271.6997918393395,1287.7030523893354,630,633
polrights_fh ~ electricity_use_per_person + murder_per_mil_people,0.11250376713658569,0.10513865317091431,1.2519025641090962,15.275224207114976,5.67630148424709e-7,2,-399.52982919315536,807.0596583863107,821.0483312874835,377.70966723552607,241,244
polrights_fh ~ electricity_use_per_person + primary_school_completion,0.11496235985825222,0.11105490890839897,1.7232597487080146,29.421318740436536,9.70140027487495e-13,2,-893.6942863510423,1795.3885727020845,1811.878543940142,1345.239745167296,453,456
polrights_fh ~ gini + internet_users,0.2642590431785769,0.26333300043871355,1.6112547645980393,285.36376541062776,1.2970570972880428e-106,2,-3016.8537956663195,6041.707591332639,6063.198576798256,4125.269505222975,1589,1592
polrights_fh ~ gini + journakilled,0.07335721817720212,0.06625650720537979,1.6555545858736096,10.330968049299006,4.809072204480324e-5,2,-506.18310209120455,1020.3662041824091,1034.6700005949945,715.3647175566632,261,264
polrights_fh ~ gini + life_expectancy_years,0.21073162634846182,0.20978469368661223,1.6692055024415144,222.54130081105987,2.171641311191032e-86,2,-3223.7467710581877,6455.4935421163755,6477.175857738019,4644.673764638175,1667,1670
polrights_fh ~ gini + military_spending_pct_of_gdp,0.1705230625140478,0.16929420779184645,1.5871556863011722,138.76584386522697,1.5592400841134915e-55,2,-2543.331776556856,5094.663553113712,5115.503871626395,3400.735282953496,1350,1353
polrights_fh ~ gini + murder_per_mil_people,0.29815171031120974,0.2933772321500614,1.1105089039589642,62.446973312682616,2.4989476132012034e-23,2,-451.0481767404479,910.0963534808958,924.8712820361065,362.56962757700916,294,297
polrights_fh ~ gini + primary_school_completion,0.11920183502252155,0.11754308141616099,1.7055714909960535,71.86229140086525,5.3625211991864886e-30,2,-2078.271176713449,4164.542353426898,4184.425273739473,3089.330505774208,1062,1065
polrights_fh ~ internet_users + journakilled,0.21495150203768656,0.2086458916122863,1.509180745065437,34.08892835685252,8.215095775240347e-14,2,-459.77838186073467,927.5567637214693,941.6744800715151,567.1290037977907,249,252
polrights_fh ~ internet_users + life_expectancy_years,0.26307972634499577,0.2621306983042295,1.60343568940386,277.20964507284725,1.1272543070240562e-103,2,-2941.0301826707073,5890.060365341415,5911.4598601603675,3992.7723336139115,1553,1556
polrights_fh ~ internet_users + military_spending_pct_of_gdp,0.4556426354201386,0.4547867276141955,1.2880286673882158,532.3501342741437,1.0526631185144777e-168,2,-2130.3637903794256,4268.727580758851,4289.330386589221,2110.2707026736334,1272,1275
polrights_fh ~ internet_users + murder_per_mil_people,0.3620940530615931,0.35775455682391677,1.0587142230004678,83.44149487164697,1.9917172526764572e-29,2,-436.8625040787703,881.7250081575406,896.4999367127514,329.5374869591444,294,297
polrights_fh ~ internet_users + primary_school_completion,0.2108085641455606,0.209239595088196,1.6163527681688226,134.36119925758376,1.9174716703420963e-52,2,-1914.7005291533412,3837.4010583066824,3857.067918388097,2628.2718487940174,1006,1009
polrights_fh ~ journakilled + life_expectancy_years,0.2453166543639864,0.23953364022118162,1.4940657637615269,42.420206540427095,1.1176400945559144e-16,2,-479.0874764588115,966.174952917623,980.4787493302083,582.6126841819662,261,264
polrights_fh ~ journakilled + military_spending_pct_of_gdp,0.1583740480961648,0.15108724331777668,1.4796268392786198,21.734361343930033,2.245216406570057e-9,2,-422.200759768786,852.401519537572,866.2228039990027,505.7272797916506,231,234
polrights_fh ~ journakilled + murder_per_mil_people,0.07898607184848143,-0.1256836899629672,1.1534094900660465,0.3859195962774761,0.6905543902066245,2,-17.013837924593663,42.027675849187325,43.967302448339325,11.973181065969756,9,12
polrights_fh ~ journakilled + primary_school_completion,0.11801128195655469,0.10433703826595853,1.4620304071573613,8.630187133326613,3.0364450622976383e-4,2,-235.9196312263397,479.8392624526794,491.3704701430249,275.7417455774008,129,132
polrights_fh ~ life_expectancy_years + military_spending_pct_of_gdp,0.3992006125466629,0.39831053938006544,1.3507721947359006,448.50314280642624,4.3893460046856014e-150,2,-2325.1373730493715,4658.274746098743,4679.1150646114265,2463.1904547967165,1350,1353
polrights_fh ~ life_expectancy_years + murder_per_mil_people,0.21388644323181924,0.20853873196128747,1.1752846526864613,39.995884671340484,4.3284960399992326e-16,2,-467.8856988303908,943.7713976607816,958.5463262159924,406.10044036305874,294,297
polrights_fh ~ life_expectancy_years + primary_school_completion,0.18812247099285634,0.18655362552617594,1.6256319941807789,119.91140936965944,1.449922360258756e-47,2,-1975.7167583861312,3959.4335167722625,3979.213721027166,2735.173158821822,1035,1038
polrights_fh ~ military_spending_pct_of_gdp + murder_per_mil_people,0.31437796452978495,0.3096001106240692,1.1037304666861198,65.79899066266805,3.0072122262015932e-24,2,-438.6061369926416,885.2122739852832,899.8917976772053,349.6294106671629,287,290
polrights_fh ~ military_spending_pct_of_gdp + primary_school_completion,0.28312230212846135,0.2814874613123347,1.4465603326115264,173.18034840801712,4.0988596178498585e-64,2,-1572.049274042972,3152.098548085944,3171.218235715833,1835.154769991294,877,880
polrights_fh ~ murder_per_mil_people + primary_school_completion,0.10560652763446639,0.0972865883566475,1.1927179211784658,12.69318490292531,6.156398830513605e-6,2,-346.2373415666223,700.4746831332446,714.012663384401,305.85384849256036,215,218
polrights_fh ~ electricity_use_per_person + gini + internet_users,0.3515863954796664,0.3487130707919839,1.5023086045976612,122.36222275431399,2.5342413025580643e-63,3,-1241.4602836762242,2492.9205673524484,2515.538378883196,1527.9423841144126,677,681
polrights_fh ~ electricity_use_per_person + gini + journakilled,0.2016109677171122,0.18625733248090282,1.3769117876651285,13.131155235578426,1.0866246660743145e-7,3,-276.179645705867,562.359291411734,577.7351604879032,295.7582270777441,156,160
polrights_fh ~ electricity_use_per_person + gini + life_expectancy_years,0.240074031324549,0.23672633983258662,1.6329637686494358,71.71330808139166,2.5929002258458373e-40,3,-1305.8887223235713,2621.7774446471426,2644.424538838454,1815.9346260805241,681,685
polrights_fh ~ electricity_use_per_person + gini + military_spending_pct_of_gdp,0.32483252031875,0.32161232566208275,1.4295101400343135,100.87356664796417,2.5642343222960677e-53,3,-1122.3727916201951,2254.7455832403903,2276.997935351111,1285.3610222499203,629,633
polrights_fh ~ electricity_use_per_person + gini + murder_per_mil_people,0.32877337468054435,0.3203830418640512,1.091000018153946,39.18478347298239,1.201620350184226e-20,3,-365.45553979561447,740.9110795912289,758.3969207176949,285.6674495068586,240,244
polrights_fh ~ electricity_use_per_person + gini + primary_school_completion,0.116902195587325,0.1110409269739665,1.7232733009568064,19.944862332514894,3.708382736639369e-12,3,-893.1940048538964,1796.388009707793,1817.0004737553647,1342.291233145337,452,456
polrights_fh ~ electricity_use_per_person + internet_users + journakilled,0.2110615178142024,0.19579174073963856,1.3718571432230744,13.822174140694278,4.923142752446008e-8,3,-273.85593823600965,557.7118764720193,573.0563974831205,291.70876331888707,155,159
polrights_fh ~ electricity_use_per_person + internet_users + life_expectancy_years,0.3455722533808989,0.3426722781373873,1.5092596027417096,119.16386326196765,5.71975807752902e-62,3,-1244.6039203572357,2499.2078407144713,2521.825652245219,1542.1142993128783,677,681
polrights_fh ~ electricity_use_per_person + internet_users + military_spending_pct_of_gdp,0.4920398782950539,0.48960944709072407,1.2396350333282071,202.44962186893838,8.421498886217992e-92,3,-1028.8933806481089,2067.7867612962177,2090.0232906089236,963.50777494085,627,631
polrights_fh ~ electricity_use_per_person + internet_users + murder_per_mil_people,0.36961243882453093,0.3617325943098376,1.0572896668346756,46.906057363863354,6.81110855839244e-24,3,-357.79735385699587,725.5947077139917,743.0805488404577,268.286745502891,240,244
polrights_fh ~ electricity_use_per_person + internet_users + primary_school_completion,0.2739774031224475,0.2691586690723753,1.5625172691863525,56.85671802500483,3.359932442124995e-31,3,-848.5391061838532,1707.0782123677063,1727.6906764152782,1103.5400178605205,452,456
polrights_fh ~ electricity_use_per_person + journakilled + life_expectancy_years,0.11499881968405432,0.0979795662164401,1.4496753747814901,6.7569837832713215,2.5843126416903804e-4,3,-284.4190849790755,578.838169958151,594.2140390343201,327.84315599066514,156,160
polrights_fh ~ electricity_use_per_person + journakilled + military_spending_pct_of_gdp,0.25451363801131044,0.2394024279709992,1.2552985496458893,16.84270401459311,1.8234852077616462e-9,3,-248.21263200231476,506.4252640046295,521.5446666088609,233.21461841397485,148,152
polrights_fh ~ electricity_use_per_person + journakilled + murder_per_mil_people,0.7159479626062111,0.5739219439093166,0.537388349349908,5.040963403572939,0.04444878694065809,3,-5.424914586244201,20.849829172488402,22.362754637458632,1.7327174281021123,6,10
polrights_fh ~ electricity_use_per_person + journakilled + primary_school_completion,0.26976390746053774,0.24429055539520772,1.2402471857466062,10.590043539173381,5.3722889838964935e-6,3,-145.0366244334929,300.0732488669858,312.5722972186371,132.28632503070438,86,90
polrights_fh ~ electricity_use_per_person + life_expectancy_years + military_spending_pct_of_gdp,0.41489462811556516,0.4121039824626983,1.330756282448122,148.67334650292406,8.069355346390527e-73,3,-1077.05985874457,2164.11971748914,2186.372069599861,1113.9038261800667,629,633
polrights_fh ~ electricity_use_per_person + life_expectancy_years + murder_per_mil_people,0.19544029811028168,0.18538330183666019,1.1944536676905857,19.43326742825813,2.5888569251715692e-11,3,-387.56051861869844,785.1210372373969,802.6068783638628,342.41269542227815,240,244
polrights_fh ~ electricity_use_per_person + life_expectancy_years + primary_school_completion,0.22758885581683191,0.22246223317844815,1.6116622089219892,44.39352608339788,3.679454096092776e-25,3,-862.660477459653,1735.320954919306,1755.9334189668778,1174.0496942016223,452,456
polrights_fh ~ electricity_use_per_person + military_spending_pct_of_gdp + murder_per_mil_people,0.33057679114467176,0.3220309629465187,1.094973326362942,38.68282669386147,2.355031952022213e-20,3,-358.7938547534509,727.5877095069018,744.9700272665593,281.7571475798865,235,239
polrights_fh ~ electricity_use_per_person + military_spending_pct_of_gdp + primary_school_completion,0.3432778242649986,0.338609183205271,1.4009377439062134,73.52842505417094,2.835770475453332e-38,3,-746.0807856335961,1502.1615712671921,1522.433767998539,828.2284092910352,422,426
polrights_fh ~ electricity_use_per_person + murder_per_mil_people + primary_school_completion,0.09537291160280459,0.07959453215401624,1.2337969919217435,6.044531500358157,6.161460969281963e-4,3,-284.68707059282895,579.3741411856579,595.2265611608486,261.8278629713246,172,176
polrights_fh ~ gini + internet_users + journakilled,0.23245941231645778,0.2231746471428665,1.4952627710185584,25.036649605058912,3.4821192005888055e-14,3,-456.9365607651347,923.8731215302694,941.5202669678265,554.4810670897363,248,252
polrights_fh ~ gini + internet_users + life_expectancy_years,0.26553826232582733,0.2641185553586737,1.6012743644981668,187.03737353504343,1.5940819227071963e-103,3,-2938.430255855736,5886.860511711472,5913.6098802351635,3979.4515242992607,1552,1556
polrights_fh ~ gini + internet_users + military_spending_pct_of_gdp,0.4572083166354167,0.455927140356822,1.2866808891024966,356.8660490162623,4.406760267384668e-168,3,-2128.5275702830295,4267.055140566059,4292.808647854022,2104.201139895002,1271,1275
polrights_fh ~ gini + internet_users + murder_per_mil_people,0.4258839317617563,0.42000561024395866,1.0060976349195185,72.44992137165569,4.4315556974850987e-35,3,-421.2166527015479,852.4333054030958,870.9019660971093,296.5841081402601,293,297
polrights_fh ~ gini + internet_users + primary_school_completion,0.21247863091002103,0.21012782085303616,1.6154447247514194,90.3852824173007,8.718137857695376e-52,3,-1913.6317879150895,3837.263575830179,3861.847150931947,2622.7099670208254,1005,1009
polrights_fh ~ gini + journakilled + life_expectancy_years,0.2774801552325634,0.2691433877929392,1.4646902840675218,33.28390257280215,3.0691461956181042e-18,3,-473.3384322652145,956.676864530429,974.5566100461606,557.7825833428674,260,264
polrights_fh ~ gini + journakilled + military_spending_pct_of_gdp,0.1693535803859471,0.15851906186924214,1.473135894897928,15.63092814183038,2.75666524934306e-9,3,-420.6643787832437,851.3287575664874,868.6053631432759,499.12975391244544,230,234
polrights_fh ~ gini + journakilled + murder_per_mil_people,0.16953173409670833,-0.1418938656170261,1.1616845234799558,0.5443731480409564,0.6655196100811935,3,-16.392925275546972,42.785850551093944,45.210383800033945,10.796087456742814,8,12
polrights_fh ~ gini + journakilled + primary_school_completion,0.11951593807496787,0.09887959287359993,1.4664778578281132,5.791526402022264,9.589030475412782e-4,3,-235.80694031948406,481.6138806389681,496.0278902519,275.2713353600169,128,132
polrights_fh ~ gini + life_expectancy_years + military_spending_pct_of_gdp,0.4008069743194918,0.39947444720530223,1.3494650957503787,300.78710598193305,1.729447910416462e-149,3,-2323.326187617635,4656.65237523527,4682.702773376123,2456.604604230932,1349,1353
polrights_fh ~ gini + life_expectancy_years + murder_per_mil_people,0.3883277552047765,0.38206489945602007,1.038483652300085,62.00490172264886,4.553898879907734e-31,3,-430.62635609001205,871.2527121800241,889.7213728740376,315.9853507556955,293,297
polrights_fh ~ gini + life_expectancy_years + primary_school_completion,0.18927574656500834,0.18692354853763415,1.6252623158063173,80.46760704764985,8.655133020973307e-47,3,-1974.9789924977727,3959.9579849955453,3984.6832403141743,2731.2878334162374,1034,1038
polrights_fh ~ gini + military_spending_pct_of_gdp + murder_per_mil_people,0.3750888621160815,0.3685338501802362,1.055571635252697,57.22169017953314,5.282375889268633e-29,3,-425.1621651860051,860.3243303720102,878.6737349869128,318.670202464915,286,290
polrights_fh ~ gini + military_spending_pct_of_gdp + primary_school_completion,0.2937327372846139,0.29131401378216404,1.436634523125496,121.44122177962413,9.06107348346914e-66,3,-1565.4882024667106,3140.9764049334212,3164.8760144707826,1807.9928276595545,876,880
polrights_fh ~ gini + murder_per_mil_people + primary_school_completion,0.2418038309260249,0.23117491266797852,1.1007192722202856,22.749618075477514,8.00200622475413e-13,3,-328.23014332153866,666.4602866430773,683.3827619570228,259.2787440747513,214,218
polrights_fh ~ internet_users + journakilled + life_expectancy_years,0.25863874638979334,0.2496706667090246,1.469541271028044,28.839925111774445,4.959354324470079e-16,3,-452.56394083217674,915.1278816643535,932.7750271019106,535.5687837191704,248,252
polrights_fh ~ internet_users + journakilled + military_spending_pct_of_gdp,0.4300800948372899,0.4224130109113341,1.2130703617604677,56.094350732397665,4.6784359772961324e-27,3,-363.92731818580444,737.8546363716089,754.9793864590159,328.15335367571276,223,227
polrights_fh ~ internet_users + journakilled + murder_per_mil_people,0.41746125305738085,0.19900922295389878,0.9729467939110322,1.910997361112308,0.20632087387063142,3,-14.265361180108684,38.53072236021737,40.95525560915737,7.573003710254053,8,12
polrights_fh ~ internet_users + journakilled + primary_school_completion,0.11903209023319286,0.09788886039878941,1.472366794955193,5.629796921542653,0.001186410248938072,3,-230.9177877682594,471.8355755365188,486.13463755832714,270.9829973608285,125,129
polrights_fh ~ internet_users + life_expectancy_years + military_spending_pct_of_gdp,0.46709228820714604,0.46583444152313447,1.27491215179236,371.34278298331276,3.7731861131000806e-173,3,-2116.812012498072,4243.624024996144,4269.377532284107,2065.8846643753263,1271,1275
polrights_fh ~ internet_users + life_expectancy_years + murder_per_mil_people,0.364878638804284,0.35837568971354283,1.0582021436196392,56.10971786997336,1.0929669120897231e-28,3,-436.2128532195243,882.4257064390486,900.894367133062,328.0989905910314,293,297
polrights_fh ~ internet_users + life_expectancy_years + primary_school_completion,0.2132975300709792,0.21090633715326168,1.6055511323632756,89.20130554526364,4.4465226307167855e-51,3,-1873.36991773299,3756.73983546598,3781.23340813763,2544.2831109307676,987,991
polrights_fh ~ internet_users + military_spending_pct_of_gdp + murder_per_mil_people,0.48273700315705803,0.47731116752583835,0.9603604905578275,88.97007502023126,1.0850591404341873e-40,3,-397.7487527034113,805.4975054068226,823.8469100217252,263.7755897417987,286,290
polrights_fh ~ internet_users + military_spending_pct_of_gdp + primary_school_completion,0.4414270343995873,0.43943686943901583,1.2854381811950186,221.8042439420785,5.113342795290256e-106,3,-1410.8475660440422,2831.6951320880844,2855.3977288861156,1391.279809481472,842,846
polrights_fh ~ internet_users + murder_per_mil_people + primary_school_completion,0.30693346182474046,0.29721757577555463,1.0523815928374343,31.59088736435512,6.019707092820179e-17,3,-318.44018393653687,646.8803678730737,663.8028431870192,237.00650162581385,214,218
polrights_fh ~ journakilled + life_expectancy_years + military_spending_pct_of_gdp,0.37509603403759234,0.3669451127424306,1.2777366543316044,46.018851177012216,2.471158056415369e-23,3,-387.36544952100814,784.7308990420163,802.0075046188048,375.5005202991801,230,234
polrights_fh ~ journakilled + life_expectancy_years + murder_per_mil_people,0.4041247902289045,0.1806715865647437,0.9840209428045881,1.8085432815556506,0.22353271664082924,3,-14.40117456398659,38.80234912797318,41.22688237691318,7.746377727024242,8,12
polrights_fh ~ journakilled + life_expectancy_years + primary_school_completion,0.1465409752453823,0.12653802935269598,1.4437968769768594,7.325969686243156,1.4290502772337346e-4,3,-233.74943691447214,477.4988738289443,491.91288344187615,266.82232601192095,128,132
polrights_fh ~ journakilled + military_spending_pct_of_gdp + murder_per_mil_people,0.4935972575249802,0.3036962290968478,0.9071408140536439,2.5992342517080194,0.12453909918085666,3,-13.424980689276142,36.84996137855228,39.27449462749229,6.583235652175262,8,12
polrights_fh ~ journakilled + military_spending_pct_of_gdp + primary_school_completion,0.4848155444529607,0.4721470742345909,1.0858511044513772,38.26946238149242,1.6748152786833468e-17,3,-187.13169841601012,384.26339683202025,398.44480636677764,143.84685976666964,122,126
polrights_fh ~ journakilled + murder_per_mil_people + primary_school_completion,0.5522303489486976,0.1044606978973952,1.092727048628098,1.2332911523863566,0.43361939794493765,3,-7.587762379661109,25.17552475932222,24.905075504598784,3.5821572084104205,3,7
polrights_fh ~ life_expectancy_years + military_spending_pct_of_gdp + murder_per_mil_people,0.4261768403750241,0.4201577163230139,1.0115040248597382,70.80379747825461,2.8401089923850755e-34,3,-412.79537681423017,835.5907536284603,853.9401582433629,292.6181521999307,286,290
polrights_fh ~ life_expectancy_years + military_spending_pct_of_gdp + primary_school_completion,0.40798103635410277,0.405953574149836,1.3153143846151079,201.22744359698117,2.9013523935773773e-99,3,-1487.8479772159085,2985.695954431817,3009.5955639691783,1515.525491008868,876,880
polrights_fh ~ life_expectancy_years + murder_per_mil_people + primary_school_completion,0.2633388809352342,0.253011855901616,1.0849748015163247,25.49997507297316,3.8202390832309505e-14,3,-325.08939821640143,660.1787964328029,677.1012717467484,251.9144484640331,214,218
polrights_fh ~ military_spending_pct_of_gdp + murder_per_mil_people + primary_school_completion,0.2915866341592281,0.28151440620888535,1.0673661434841046,28.94956662982456,1.018890956696503e-15,3,-317.06967009754163,644.1393401950833,660.9925303357215,240.38607217804343,211,215
polrights_fh ~ electricity_use_per_person + gini + internet_users + journakilled,0.27958557046322846,0.2608735073583772,1.3151764056140782,14.94146149981422,2.4353948181676426e-10,4,-266.6324326516961,545.2648653033922,563.6782905167136,266.3721025941308,154,159
polrights_fh ~ electricity_use_per_person + gini + internet_users + life_expectancy_years,0.3546487298793238,0.3508300833105623,1.4998649851483914,92.87288663489912,6.214815693751298e-63,4,-1239.8483573813096,2491.696714762619,2518.838088599516,1520.7262022037485,676,681
polrights_fh ~ electricity_use_per_person + gini + internet_users + military_spending_pct_of_gdp,0.49726735190023796,0.49405500271110203,1.2342245500594984,154.79866061323355,5.169216890832767e-92,4,-1025.6297130358553,2063.2594260717105,2089.9432612469577,953.5922102209515,626,631
polrights_fh ~ electricity_use_per_person + gini + internet_users + murder_per_mil_people,0.46981699093548074,0.46094363513523773,0.9716497503825529,52.94693479130123,6.696498930338262e-32,4,-336.6776215802369,685.3552431604738,706.338252512233,225.64067374301607,239,244
polrights_fh ~ electricity_use_per_person + gini + internet_users + primary_school_completion,0.27959571570926606,0.2732063207266433,1.5581843815084042,43.759341294391064,4.8973814332645485e-31,4,-846.7678701417252,1705.5357402834504,1730.2706971405366,1095.0002936163046,451,456
polrights_fh ~ electricity_use_per_person + gini + journakilled + life_expectancy_years,0.24527906484261514,0.2258023955482309,1.3430385708275014,12.593481007214027,6.755755472106472e-9,4,-271.67981137238655,555.3596227447731,573.810665636176,279.58165342320854,155,160
polrights_fh ~ electricity_use_per_person + gini + journakilled + military_spending_pct_of_gdp,0.3193691566369526,0.3008485894706111,1.2035251739317037,17.244026803745076,1.2814537226879508e-11,4,-241.2953581420494,494.5907162840988,512.7339994091765,212.92550811023858,147,152
polrights_fh ~ electricity_use_per_person + gini + journakilled + murder_per_mil_people,0.7160407872119982,0.4888734169815967,0.5885832478089758,3.1520406583294216,0.11988365749675714,4,-5.423280382580388,22.846560765160774,24.66207132312505,1.732151198006811,5,10
polrights_fh ~ electricity_use_per_person + gini + journakilled + primary_school_completion,0.2720271665630977,0.23776962146018465,1.2455866705179246,7.940649738499978,1.7335021888431283e-5,4,-144.8969369859915,301.793873971983,316.7927319939646,131.87632307061395,85,90
polrights_fh ~ electricity_use_per_person + gini + life_expectancy_years + military_spending_pct_of_gdp,0.41735657220108713,0.4136454675654253,1.3290104912177934,112.46154802279045,2.8657203679139694e-72,4,-1075.7253140929006,2163.450628185801,2190.153450718666,1109.216860261651,628,633
polrights_fh ~ electricity_use_per_person + gini + life_expectancy_years + murder_per_mil_people,0.42049522149530555,0.410796396750457,1.0158400973001749,43.35527577386659,2.4831386745879883e-27,4,-347.52972429421857,707.0594485884371,728.0424579401963,246.6315336845961,239,244
polrights_fh ~ electricity_use_per_person + gini + life_expectancy_years + primary_school_completion,0.22787745043663418,0.22102935687066205,1.6131465417419704,33.27604219208462,2.468678277174569e-24,4,-862.5752743017715,1737.150548603543,1761.8855054606292,1173.6110360754694,451,456
polrights_fh ~ electricity_use_per_person + gini + military_spending_pct_of_gdp + murder_per_mil_people,0.40659518580411497,0.3964515137665786,1.0331293329301094,40.0836289165813,1.4738639109965482e-25,4,-344.38936794290066,700.7787358858013,721.6375171973904,249.76135514318347,234,239
polrights_fh ~ electricity_use_per_person + gini + military_spending_pct_of_gdp + primary_school_completion,0.3463334969187022,0.3401228888134167,1.3993336831912675,55.764828668541774,1.002650836348801e-37,4,-745.087401814759,1502.174803629518,1526.5014397071343,824.3747326606418,421,426
polrights_fh ~ electricity_use_per_person + gini + murder_per_mil_people + primary_school_completion,0.27403661248209205,0.25705501277407083,1.1084916868349102,16.13726723005084,3.1342541960659244e-11,4,-265.32502735388215,542.6500547077643,561.6729586779932,210.1169031827399,171,176
polrights_fh ~ electricity_use_per_person + internet_users + journakilled + life_expectancy_years,0.21286242503639674,0.19241729321916023,1.3747322778444446,10.411399003891049,1.7226988471616402e-7,4,-273.67425641192995,559.3485128238599,577.7619380371813,291.0428807050958,154,159
polrights_fh ~ electricity_use_per_person + internet_users + journakilled + military_spending_pct_of_gdp,0.3621191498887767,0.34464296221449653,1.167338722575839,20.72071762090949,1.5285807292627344e-13,4,-235.08110161987932,482.16220323975864,500.2658822606482,198.95123521084875,146,151
polrights_fh ~ electricity_use_per_person + internet_users + journakilled + murder_per_mil_people,0.7898911841705757,0.6218041315070362,0.5062931515553983,4.699298200865622,0.060194656883892854,4,-3.917255163710834,19.83451032742167,21.650020885385942,1.2816637765594876,5,10
polrights_fh ~ electricity_use_per_person + internet_users + journakilled + primary_school_completion,0.3125754751172196,0.2802260857109711,1.210399893606649,9.662484543119188,1.7255486149934148e-6,4,-142.31791096896347,296.63582193792695,311.63467995990857,124.53077170765391,85,90
polrights_fh ~ electricity_use_per_person + internet_users + life_expectancy_years + military_spending_pct_of_gdp,0.49624312707021656,0.49302423331347667,1.235481162530714,154.16573660785343,9.754253924162815e-92,4,-1026.2718320816355,2064.543664163271,2091.227499338518,955.534978058121,626,631
polrights_fh ~ electricity_use_per_person + internet_users + life_expectancy_years + murder_per_mil_people,0.37424218567629436,0.36376925154535356,1.0556014581343534,35.73422509845194,2.1412891786580355e-23,4,-356.8980444545328,725.7960889090656,746.7790982608248,266.3163707812741,239,244
polrights_fh ~ electricity_use_per_person + internet_users + life_expectancy_years + primary_school_completion,0.2923966241054256,0.2861207626784228,1.54427859398477,46.59067563973661,8.980028399373177e-33,4,-842.6800975397565,1697.360195079513,1722.0951519365992,1075.5431655036498,451,456
polrights_fh ~ electricity_use_per_person + internet_users + military_spending_pct_of_gdp + murder_per_mil_people,0.5213574887717625,0.5131755655029038,0.9278650018288251,63.72065242363034,2.2578852640455582e-36,4,-318.7060903474311,649.4121806948622,670.2709620064512,201.45843001880053,234,239
polrights_fh ~ electricity_use_per_person + internet_users + military_spending_pct_of_gdp + primary_school_completion,0.4938214770046441,0.4890121798740469,1.231388320560925,102.68059211041569,5.982902030522365e-61,4,-690.6216259387523,1393.2432518775047,1417.569887955121,638.3695395218331,421,426
polrights_fh ~ electricity_use_per_person + internet_users + murder_per_mil_people + primary_school_completion,0.3238542344222205,0.3080379592040269,1.0697819045564647,20.476011573805103,8.436687736586207e-14,4,-259.06902808472705,530.1380561694541,549.160960139683,195.6980982871141,171,176
polrights_fh ~ electricity_use_per_person + journakilled + life_expectancy_years + military_spending_pct_of_gdp,0.29586396612822186,0.2767038019412347,1.2241303083958288,15.441619562381474,1.4443183822842505e-10,4,-243.8756712667281,499.7513425334562,517.8946256585339,220.2787667541903,147,152
polrights_fh ~ electricity_use_per_person + journakilled + life_expectancy_years + murder_per_mil_people,0.7637699853937598,0.5747859737087677,0.5368431966781484,4.041452917545474,0.07891232748011945,4,-4.5031571707434175,21.006314341486835,22.82182489945111,1.4410030890980656,5,10
polrights_fh ~ electricity_use_per_person + journakilled + life_expectancy_years + primary_school_completion,0.3634152838334882,0.3334583560138876,1.1647815140507485,12.131260121931087,7.584494512943255e-8,4,-138.86035687142098,289.72071374284195,304.7195717648235,115.3208579153201,85,90
polrights_fh ~ electricity_use_per_person + journakilled + military_spending_pct_of_gdp + murder_per_mil_people,0.8851409032690218,0.7932536258842393,0.3743368777074914,9.632899444418735,0.014364954232475333,4,-0.8976579846537605,13.79531596930752,15.610826527271797,0.7006404900589669,5,10
polrights_fh ~ electricity_use_per_person + journakilled + military_spending_pct_of_gdp + primary_school_completion,0.5195514351703927,0.4958255801170788,0.9506784673642076,21.89811216510082,2.8180401543712562e-12,4,-115.10326767954125,242.2065353590825,256.93261913660353,73.20695341310666,81,86
polrights_fh ~ electricity_use_per_person + journakilled + murder_per_mil_people + primary_school_completion,1,NaN,NaN,NaN,NaN,4,Inf,-Inf,-Inf,0,0,5
polrights_fh ~ electricity_use_per_person + life_expectancy_years + military_spending_pct_of_gdp + murder_per_mil_people,0.43108671798253506,0.4213617046147152,1.0115845697517891,44.327622151040096,1.1263345623574533e-27,4,-339.35258605596454,690.7051721119291,711.5639534235181,239.45298197181953,234,239
polrights_fh ~ electricity_use_per_person + life_expectancy_years + military_spending_pct_of_gdp + primary_school_completion,0.4405311023379953,0.4352154833578338,1.2945867178936195,82.87484561668217,7.563520550331936e-52,4,-711.9426101399253,1435.8852202798505,1460.2118563574668,705.5769582317075,421,426
polrights_fh ~ electricity_use_per_person + life_expectancy_years + murder_per_mil_people + primary_school_completion,0.2451050274331011,0.22744666550171166,1.1303640785068598,13.880394364179569,7.959051071219068e-10,4,-268.7639835121016,549.5279670242032,568.5508709944321,218.49062444635123,171,176
polrights_fh ~ electricity_use_per_person + military_spending_pct_of_gdp + murder_per_mil_people + primary_school_completion,0.2851467712925002,0.26812645632327403,1.104537189654038,16.75331930155604,1.4168675721274288e-11,4,-260.14029721997593,532.2805944399519,551.2003440069385,204.9604037592451,168,173
polrights_fh ~ gini + internet_users + journakilled + life_expectancy_years,0.28797686765511094,0.2764461286697686,1.4430828341690625,24.974710469223346,2.2186512291169437e-17,4,-447.47635969101077,906.9527193820215,928.1292939070901,514.3745523695333,247,252
polrights_fh ~ gini + internet_users + journakilled + military_spending_pct_of_gdp,0.432563512729279,0.4223394318775543,1.213147626055185,42.30830321107152,2.3721420630644682e-26,4,-363.43166285636033,738.8633257127207,759.4130258176091,326.72343009793946,222,227
polrights_fh ~ gini + internet_users + journakilled + murder_per_mil_people,0.6327730433230719,0.422929068079113,0.8258286260132105,3.0154453688147447,0.0964744144083019,4,-11.49686737549282,34.99373475098564,37.90317464971365,4.77395043680007,7,12
polrights_fh ~ gini + internet_users + journakilled + primary_school_completion,0.12047489049906712,0.09210311277323058,1.477080808043583,4.246293329351638,0.002959687800400048,4,-230.8120666583599,473.6241333167198,490.7830077428898,270.5391964728448,124,129
polrights_fh ~ gini + internet_users + life_expectancy_years + military_spending_pct_of_gdp,0.4708302824659573,0.46916360619025954,1.2709330236353678,282.49654076874594,9.118062715396048e-174,4,-2112.324616167964,4236.649232335928,4267.5534410814835,2051.3938532200114,1270,1275
polrights_fh ~ gini + internet_users + life_expectancy_years + murder_per_mil_people,0.43883705798658,0.43114989439735507,0.9963849366887638,57.086993517569496,1.514864516498223e-35,4,-417.8278421937166,847.6556843874332,869.8180772202494,289.8926190815994,292,297
polrights_fh ~ gini + internet_users + life_expectancy_years + primary_school_completion,0.2157162858963604,0.2125346075429988,1.6038937743705262,67.79952651984576,1.0140993931824529e-50,4,-1871.8441316112949,3755.6882632225897,3785.0805504285695,2536.460586112029,986,991
polrights_fh ~ gini + internet_users + military_spending_pct_of_gdp + murder_per_mil_people,0.4975422480333459,0.4904902094092525,0.9481759620838549,70.55296695816237,1.8340598917729595e-41,4,-393.5379697538938,799.0759395077876,821.0952250456706,256.2257316959885,285,290
polrights_fh ~ gini + internet_users + military_spending_pct_of_gdp + primary_school_completion,0.44204671617127445,0.43939295501156594,1.2854885307213773,166.5736626501158,5.1994234089089536e-105,4,-1410.3780286436054,2832.7560572872108,2861.199173444848,1389.7363213602287,841,846
polrights_fh ~ gini + internet_users + murder_per_mil_people + primary_school_completion,0.35542145316673374,0.34331669172385537,1.0172806555302103,29.362119595991192,1.8936311495762787e-19,4,-310.53448786039945,633.0689757207989,653.3759460975334,220.42516554070258,213,218
polrights_fh ~ gini + journakilled + life_expectancy_years + military_spending_pct_of_gdp,0.38956732611145567,0.37890474665488716,1.2656096444921106,36.535936515011926,1.3017922114846128e-23,4,-384.6241422960609,781.2482845921218,801.980211284268,366.80481984100123,229,234
polrights_fh ~ gini + journakilled + life_expectancy_years + murder_per_mil_people,0.8207541847324598,0.7183280045795797,0.5769619445828821,8.013128904225574,0.009442319155713934,4,-7.193535771121059,26.38707154224212,29.29651144097012,2.3301955984780243,7,12
polrights_fh ~ gini + journakilled + life_expectancy_years + primary_school_completion,0.1465771722963865,0.11969771315611522,1.449439233128336,5.453129526582696,4.3862148183937806e-4,4,-233.74663765175436,479.4932753035087,496.7900868390269,266.8110094975207,127,132
polrights_fh ~ gini + journakilled + military_spending_pct_of_gdp + murder_per_mil_people,0.5886924173167941,0.35365951292639075,0.8739890956235162,2.5047234081698693,0.1365730563923557,4,-12.177034836367165,36.354069672734326,39.263509571462336,5.346998574881682,7,12
polrights_fh ~ gini + journakilled + military_spending_pct_of_gdp + primary_school_completion,0.4969050978897129,0.4802738614563151,1.0774598369889017,29.877820562508255,2.767323776268053e-17,4,-185.6356891920881,383.2713783841762,400.28906982588506,140.47128373922223,121,126
polrights_fh ~ gini + journakilled + murder_per_mil_people + primary_school_completion,0.9450495121787794,0.8351485365363382,0.46883040780743146,8.599100296010683,0.10688141953065114,4,-0.24530008443217266,12.490600168864345,12.166061063196224,0.43960390256976495,2,7
polrights_fh ~ gini + life_expectancy_years + military_spending_pct_of_gdp + murder_per_mil_people,0.4801446052912007,0.4728483892251122,0.9644516115198789,65.8073446485271,2.2633541322268692e-39,4,-398.473642892408,808.947285784816,830.9665713226991,265.09756962453804,285,290
polrights_fh ~ gini + life_expectancy_years + military_spending_pct_of_gdp + primary_school_completion,0.4081114201394198,0.40540564377434285,1.315920847815449,150.82969361653628,4.065979069317181e-98,4,-1487.7510627801723,2987.5021255603447,3016.1816570051783,1515.1917180009139,875,880
polrights_fh ~ gini + life_expectancy_years + murder_per_mil_people + primary_school_completion,0.368779218207313,0.3569253068121452,1.0066847901608755,31.11034036897251,2.110292533060682e-20,4,-308.25191949096876,628.5038389819375,648.810809358672,215.8572388158854,213,218
polrights_fh ~ gini + military_spending_pct_of_gdp + murder_per_mil_people + primary_school_completion,0.3291024865967542,0.31632348634145435,1.0411893593976367,25.753382895525284,2.237737359906094e-17,4,-311.22044619123477,634.4408923824695,654.6647205512355,227.6558092458008,210,215
polrights_fh ~ internet_users + journakilled + life_expectancy_years + military_spending_pct_of_gdp,0.45970800736754164,0.4499730165092992,1.1837753412364704,47.22223308287061,1.0914419873086097e-28,4,-357.86799433970754,727.7359886794151,748.2856887843035,311.0939409913339,222,227
polrights_fh ~ internet_users + journakilled + life_expectancy_years + murder_per_mil_people,0.4730785741218991,0.17198061647726992,0.9892261431771022,1.5711782896921875,0.2820342060787784,4,-13.663295613123257,39.326591226246514,42.23603112497452,6.849978536415313,7,12
polrights_fh ~ internet_users + journakilled + life_expectancy_years + primary_school_completion,0.1731119456913259,0.1464381374878203,1.4321994181952735,6.489959902634922,8.935181602929593e-5,4,-226.83159162292878,465.66318324585757,482.8220576720276,254.34820151138115,124,129
polrights_fh ~ internet_users + journakilled + military_spending_pct_of_gdp + murder_per_mil_people,0.703503746885829,0.534077316534874,0.7420484476370819,4.15226683008413,0.04913911177777358,4,-10.213194458441858,32.42638891688372,35.33582881561172,3.854451290484222,7,12
polrights_fh ~ internet_users + journakilled + military_spending_pct_of_gdp + primary_school_completion,0.5289699718567918,0.5130028522587171,1.0456687608975153,33.12870355906706,1.651381374053295e-18,4,-177.46997326046568,366.93994652093136,383.81305265316587,129.0239325869995,118,123
polrights_fh ~ internet_users + journakilled + murder_per_mil_people + primary_school_completion,0.7102519425136213,0.130755827540864,1.07656501426784,1.225637108105567,0.4955421781556275,4,-6.064327353514111,24.128654707028222,23.804115601360103,2.317984459891029,2,7
polrights_fh ~ internet_users + life_expectancy_years + military_spending_pct_of_gdp + murder_per_mil_people,0.4986041416607782,0.49156700680689447,0.9471734951639891,70.85328788116048,1.3595535780631043e-41,4,-393.2312026479566,798.4624052959132,820.4816908337963,255.68422453323265,285,290
polrights_fh ~ internet_users + life_expectancy_years + military_spending_pct_of_gdp + primary_school_completion,0.4599181200021633,0.4573493595741118,1.2647336990356919,179.04282352676262,6.1369275607279154e-111,4,-1396.607483413192,2805.214966826384,2833.6580829840213,1345.2226680897397,841,846
polrights_fh ~ internet_users + life_expectancy_years + murder_per_mil_people + primary_school_completion,0.3351522943766055,0.3226668914541003,1.033151355327892,26.843530517744863,4.8361894300173444e-18,4,-313.9092709625411,639.8185419250822,660.1255123018167,227.35656700237814,213,218
polrights_fh ~ internet_users + military_spending_pct_of_gdp + murder_per_mil_people + primary_school_completion,0.43552991332993607,0.42477810215526823,0.9550411753324115,40.507585768998524,3.9075055140141487e-25,4,-292.65207902900903,597.3041580580181,617.527986226784,191.54176578186593,210,215
polrights_fh ~ journakilled + life_expectancy_years + military_spending_pct_of_gdp + murder_per_mil_people,0.51704825045331,0.24107582214091583,0.9470535317579898,1.8735503891280891,0.21994710173601828,4,-13.140487478066262,38.280974956132525,41.19041485486053,6.2783727441069725,7,12
polrights_fh ~ journakilled + life_expectancy_years + military_spending_pct_of_gdp + primary_school_completion,0.5393855962135208,0.5241586737742984,1.0309672973104342,35.42315253567837,1.44106319331254e-19,4,-180.07798254648745,372.1559650929749,389.17365653468374,128.61012174295334,121,126
polrights_fh ~ journakilled + life_expectancy_years + murder_per_mil_people + primary_school_completion,0.7340250645554127,0.20207519366623816,1.0314551574248632,1.3798763844579218,0.4612072046044222,4,-5.764693398596295,23.52938679719259,23.20484769152447,2.1277994835566987,2,7
polrights_fh ~ journakilled + military_spending_pct_of_gdp + murder_per_mil_people + primary_school_completion,0.9188536622768972,0.7565609868306917,0.569723925153588,5.6617075277772795,0.15570794732033377,4,-1.6096757014537002,15.2193514029074,14.89481229723928,0.6491707017848224,2,7
polrights_fh ~ life_expectancy_years + military_spending_pct_of_gdp + murder_per_mil_people + primary_school_completion,0.4670406685128217,0.4568890621987802,0.9280014724371906,46.00657807886234,1.0050516465344356e-27,4,-286.47703487078337,584.9540697415667,605.1778979103327,180.84921389757469,210,215
polrights_fh ~ electricity_use_per_person + gini + internet_users + journakilled + life_expectancy_years,0.28771956138092947,0.26444242286396635,1.311997360315386,12.36060700378852,4.4596429814774306e-10,5,-265.72971534559,545.45943069118,566.9417601067216,263.3645722416048,153,159
polrights_fh ~ electricity_use_per_person + gini + internet_users + journakilled + military_spending_pct_of_gdp,0.39097042158840223,0.3699694016431747,1.14456043521296,18.616734930402767,2.925697459488707e-14,5,-231.5866086391495,477.173217278299,498.29417613600344,189.95269552895766,145,151
polrights_fh ~ electricity_use_per_person + gini + internet_users + journakilled + murder_per_mil_people,0.8861337688803835,0.7438009799808629,0.41670853417876513,6.225787998195887,0.05040524967524469,5,-0.8542490689475049,15.70849813789501,17.82659378885333,0.6945840098296603,4,10
polrights_fh ~ electricity_use_per_person + gini + internet_users + journakilled + primary_school_completion,0.31273297790054855,0.27182422658510497,1.2174438444243116,7.644647363814503,5.823572642923533e-6,5,-142.30759938263506,298.6151987652701,316.113866457582,124.5022392034384,84,90
polrights_fh ~ electricity_use_per_person + gini + internet_users + life_expectancy_years + military_spending_pct_of_gdp,0.5031307120405609,0.49915575773688536,1.2279872863410062,126.57521913530732,1.78436499592144e-92,5,-1021.928417001937,2057.8568340038737,2088.9879750416626,942.4704846344675,625,631
polrights_fh ~ electricity_use_per_person + gini + internet_users + life_expectancy_years + murder_per_mil_people,0.48884259713231815,0.4781039962317366,0.9560588807918555,45.522000645898366,7.143489264401736e-33,5,-332.21917120610715,678.4383424122143,702.9185199892668,217.54356288275216,238,244
polrights_fh ~ electricity_use_per_person + gini + internet_users + life_expectancy_years + primary_school_completion,0.2985051794565542,0.290710792561627,1.5393059633293085,38.29745475565634,9.614689862773476e-33,5,-840.7032880479861,1695.4065760959722,1724.264025762573,1066.2582819335269,450,456
polrights_fh ~ electricity_use_per_person + gini + internet_users + military_spending_pct_of_gdp + murder_per_mil_people,0.5539046363428574,0.5443317744618028,0.8976829625807681,57.86196888926996,5.7642214267864994e-39,5,-310.29075137443766,634.5815027488753,658.9167476123959,187.75948540471381,233,239
polrights_fh ~ electricity_use_per_person + gini + internet_users + military_spending_pct_of_gdp + primary_school_completion,0.49607283264465857,0.4900736996999522,1.2301086201150782,82.69075501692065,2.5541178551474165e-60,5,-689.6721420382594,1393.3442840765188,1421.7253595004045,635.5302312581971,420,426
polrights_fh ~ electricity_use_per_person + gini + internet_users + murder_per_mil_people + primary_school_completion,0.412122555934236,0.3948320428734784,1.0004423654035841,23.835183749959505,4.00565987387546e-18,5,-246.75869183672648,507.51738367345297,529.7107716387201,170.15043750403413,170,176
polrights_fh ~ electricity_use_per_person + gini + journakilled + life_expectancy_years + military_spending_pct_of_gdp,0.3627604163430485,0.3409371429301392,1.1685114654175077,16.622639944036166,5.640280100632226e-13,5,-236.28890514124345,486.5778102824869,507.74497392841084,199.351180542577,146,152
polrights_fh ~ electricity_use_per_person + gini + journakilled + life_expectancy_years + murder_per_mil_people,0.9022841579690428,0.7801393554303464,0.38602675956105653,7.3870041067297265,0.03776798260873245,5,-0.08944580635113386,14.178891612702268,16.29698726366059,0.596066636388839,4,10
polrights_fh ~ electricity_use_per_person + gini + journakilled + life_expectancy_years + primary_school_completion,0.3681627244440174,0.3305533628037802,1.1673169922541988,9.789124526116172,2.1405516309159624e-7,5,-138.52350395268573,291.04700790537146,308.5456755976833,114.46083267405268,84,90
polrights_fh ~ electricity_use_per_person + gini + journakilled + military_spending_pct_of_gdp + murder_per_mil_people,0.8962726275057429,0.7666134118879215,0.3977238276162771,6.912525447844466,0.042285875567304926,5,-0.387957522479265,14.77591504495853,16.89401069591685,0.6327369722149684,4,10
polrights_fh ~ electricity_use_per_person + gini + journakilled + military_spending_pct_of_gdp + primary_school_completion,0.5212391831346761,0.4913166320805934,0.9549200733784808,17.419610453419423,1.2424708961731088e-11,5,-114.95194881477073,243.90389762954146,261.08432870331603,72.94978772329306,80,86
polrights_fh ~ electricity_use_per_person + gini + journakilled + murder_per_mil_people + primary_school_completion,1,NaN,NaN,NaN,NaN,4,Inf,-Inf,-Inf,0,0,5
polrights_fh ~ electricity_use_per_person + gini + life_expectancy_years + military_spending_pct_of_gdp + murder_per_mil_people,0.5162311656427843,0.505849860184475,0.9348201631688783,49.72699895171521,6.57003642974703e-35,5,-319.979145596311,653.958291192622,678.2935360561426,203.61607582983157,233,239
polrights_fh ~ electricity_use_per_person + gini + life_expectancy_years + military_spending_pct_of_gdp + primary_school_completion,0.4406015695034856,0.4339420643785271,1.2960453477319231,66.16130797049743,7.161469932994415e-51,5,-711.915780316779,1437.831560633558,1466.2126360574437,705.488088218576,420,426
polrights_fh ~ electricity_use_per_person + gini + life_expectancy_years + murder_per_mil_people + primary_school_completion,0.41282547597363733,0.3955556370316856,0.9998440763115304,23.904419569936056,3.6273361701376336e-18,5,-246.65340803222173,507.30681606444347,529.5002040297105,169.94699007899376,170,176
polrights_fh ~ electricity_use_per_person + gini + military_spending_pct_of_gdp + murder_per_mil_people + primary_school_completion,0.34543950947962976,0.32584189000297203,1.0600911299474547,17.626605613558,5.27784604827199e-14,5,-252.51850165574976,519.0370033114996,541.110044472984,187.67346503347633,167,173
polrights_fh ~ electricity_use_per_person + internet_users + journakilled + life_expectancy_years + military_spending_pct_of_gdp,0.3664581216264327,0.34461184995837857,1.1673664312202763,16.774401014261258,4.655613436039987e-13,5,-234.56578341669538,483.13156683339076,504.25252569109523,197.59793578729483,145,151
polrights_fh ~ electricity_use_per_person + internet_users + journakilled + life_expectancy_years + murder_per_mil_people,0.908856146236772,0.7949263290327371,0.3728194965246889,7.977333489521168,0.03308879383185036,5,0.258677327258085,13.48264534548383,15.60074099644215,0.55597750795569,4,10
polrights_fh ~ electricity_use_per_person + internet_users + journakilled + life_expectancy_years + primary_school_completion,0.37412532876694954,0.33687088405069643,1.1617959915137033,10.042434711252852,1.470277997139035e-7,5,-138.096825641435,290.19365128287,307.6923189751819,113.38067377537394,84,90
polrights_fh ~ electricity_use_per_person + internet_users + journakilled + military_spending_pct_of_gdp + murder_per_mil_people,0.9031238812368916,0.782028732783006,0.3843645159399346,7.4579691487872655,0.0371548466611393,5,-0.04629250870832047,14.09258501741664,16.210680668374962,0.5909443244549609,4,10
polrights_fh ~ electricity_use_per_person + internet_users + journakilled + military_spending_pct_of_gdp + primary_school_completion,0.5584050315984614,0.5308053460733653,0.917106520557188,20.232296889423196,5.412141333121626e-13,5,-111.47720338138876,236.95440676277752,254.13483783655207,67.28674960388095,80,86
polrights_fh ~ electricity_use_per_person + internet_users + journakilled + murder_per_mil_people + primary_school_completion,1,NaN,NaN,NaN,NaN,4,Inf,-Inf,-Inf,0,0,5
polrights_fh ~ electricity_use_per_person + internet_users + life_expectancy_years + military_spending_pct_of_gdp + murder_per_mil_people,0.5492069414441269,0.539533270659666,0.9023971974700026,56.77337524513857,1.9288367026633527e-38,5,-311.54258975300377,637.0851795060075,661.4204243695281,189.73672356639958,233,239
polrights_fh ~ electricity_use_per_person + internet_users + life_expectancy_years + military_spending_pct_of_gdp + primary_school_completion,0.5140262835407791,0.5082408821543598,1.2079973077840027,88.84885407387793,1.3232313827462917e-63,5,-681.9450968759263,1377.8901937518526,1406.2712691757383,612.8881481576275,420,426
polrights_fh ~ electricity_use_per_person + internet_users + life_expectancy_years + murder_per_mil_people + primary_school_completion,0.3586071285036921,0.33974263228321244,1.0449866449077194,19.009631866785906,5.3821043370089325e-15,5,-254.42557528136746,522.8511505627349,545.044538528002,185.63950496603363,170,176
polrights_fh ~ electricity_use_per_person + internet_users + military_spending_pct_of_gdp + murder_per_mil_people + primary_school_completion,0.47628896802444703,0.460608997007215,0.9482310408423938,30.37562808636638,6.8862321403963835e-22,5,-233.22693110024355,480.4538622004871,502.52690336197156,150.15673183844729,167,173
polrights_fh ~ electricity_use_per_person + journakilled + life_expectancy_years + military_spending_pct_of_gdp + murder_per_mil_people,0.8852055442571297,0.7417124745785418,0.4184035671548191,6.168977681221218,0.05117922986985082,5,-0.8948432670446205,15.789686534089242,17.907782185047562,0.7002461800315088,4,10
polrights_fh ~ electricity_use_per_person + journakilled + life_expectancy_years + military_spending_pct_of_gdp + primary_school_completion,0.5849977145702324,0.559060071730872,0.8890638815656634,22.55400454826589,4.8244796775313727e-14,5,-108.80651321639516,231.61302643279032,248.79345750656486,63.23476684036831,80,86
polrights_fh ~ electricity_use_per_person + journakilled + life_expectancy_years + murder_per_mil_people + primary_school_completion,1,NaN,NaN,NaN,NaN,4,Inf,-Inf,-Inf,0,0,5
polrights_fh ~ electricity_use_per_person + journakilled + military_spending_pct_of_gdp + murder_per_mil_people + primary_school_completion,1,NaN,NaN,NaN,NaN,4,Inf,-Inf,-Inf,0,0,5
polrights_fh ~ electricity_use_per_person + life_expectancy_years + military_spending_pct_of_gdp + murder_per_mil_people + primary_school_completion,0.4758151480717618,0.4601209908284015,0.9486598929985417,30.31798016889758,7.415550623928908e-22,5,-233.30515533860535,480.6103106772107,502.68335183869516,150.29258396152875,167,173
polrights_fh ~ gini + internet_users + journakilled + life_expectancy_years + military_spending_pct_of_gdp,0.4654623695158504,0.4533687579664353,1.1801155039246412,38.48828512590685,2.5052522748696864e-28,5,-356.6526829453675,727.305365890735,751.2800160131047,307.7806451753315,221,227
polrights_fh ~ gini + internet_users + journakilled + life_expectancy_years + murder_per_mil_people,0.8588561991605731,0.7412363651277174,0.5530023223146763,7.301967446414364,0.01560688053016495,5,-5.759662379281485,25.51932475856297,28.91367130707897,1.8348694109125503,6,12
polrights_fh ~ gini + internet_users + journakilled + life_expectancy_years + primary_school_completion,0.17368541806748058,0.14009539441168706,1.4375108431876231,5.170744142584848,2.4290035419276601e-4,5,-226.7868433640829,467.5736867281658,487.5923735586975,254.1718031866849,123,129
polrights_fh ~ gini + internet_users + journakilled + military_spending_pct_of_gdp + murder_per_mil_people,0.8981266738669236,0.8132322354226933,0.4698143675485021,10.579334645778108,0.006159524868934346,5,-3.8033678155873165,21.606735631174633,25.001082179690634,1.3243532397299942,6,12
polrights_fh ~ gini + internet_users + journakilled + military_spending_pct_of_gdp + primary_school_completion,0.5384105726775968,0.51868452877493,1.0395510844517428,27.294402026795048,3.2051621761720105e-18,5,-176.22484207805257,366.44968415610515,386.1349746437121,126.43797549062096,117,123
polrights_fh ~ gini + internet_users + journakilled + murder_per_mil_people + primary_school_completion,0.9492441821557681,0.6954650929346087,0.637217814215716,3.7404349785830315,0.37283324974619164,5,0.03262199945187033,13.93475600109626,13.556127044483452,0.4060465427538547,1,7
polrights_fh ~ gini + internet_users + life_expectancy_years + military_spending_pct_of_gdp + murder_per_mil_people,0.519859003804284,0.5114058172515424,0.9285105017383266,61.498584061851425,2.772688445836589e-43,5,-386.950364863058,787.900729726116,813.5898961869796,244.84541752209395,284,290
polrights_fh ~ gini + internet_users + life_expectancy_years + military_spending_pct_of_gdp + primary_school_completion,0.46199301477056387,0.4587905922394363,1.2630530713195407,144.2636036562898,1.749247816664565e-110,5,-1394.97926592757,2803.95853185514,2837.1421673723835,1340.0545712145688,840,846
polrights_fh ~ gini + internet_users + life_expectancy_years + murder_per_mil_people + primary_school_completion,0.39427563659989995,0.3799896846329164,0.9884671820025241,27.598835381157457,1.762503139748153e-21,5,-303.7577779293964,621.5155558587928,645.2070212983165,207.13828241795437,212,218
polrights_fh ~ gini + internet_users + military_spending_pct_of_gdp + murder_per_mil_people + primary_school_completion,0.4417152839451065,0.4283591902595827,0.9520636928669298,33.072191191940135,8.603990477375492e-25,5,-291.4676101377909,596.9352202755819,620.5296864724755,189.44288253256187,209,215
polrights_fh ~ gini + journakilled + life_expectancy_years + military_spending_pct_of_gdp + murder_per_mil_people,0.8208921586451156,0.6716356241827119,0.6229502304375927,5.499874170345892,0.030387917680097715,5,-7.188915511209974,28.377831022419947,31.77217757093595,2.328401937613499,6,12
polrights_fh ~ gini + journakilled + life_expectancy_years + military_spending_pct_of_gdp + primary_school_completion,0.567175477302727,0.5491411221903406,1.0035386969143478,31.449723251439075,2.3682343474943364e-20,5,-176.15756359885964,366.3151271977193,386.16910054637964,120.8507899445457,120,126
polrights_fh ~ gini + journakilled + life_expectancy_years + murder_per_mil_people + primary_school_completion,0.9636003651212303,0.7816021907273816,0.5396267960638705,5.294560609360693,0.3180274621085132,5,1.196258266556189,11.607483466887622,11.228854510274815,0.2911970790301582,1,7
polrights_fh ~ gini + journakilled + military_spending_pct_of_gdp + murder_per_mil_people + primary_school_completion,0.9695230089702753,0.8171380538216519,0.49377720506094397,6.362327619709469,0.2918749315359514,5,1.8178118472504734,10.364376305499054,9.985747348886246,0.2438159282377975,1,7
polrights_fh ~ gini + life_expectancy_years + military_spending_pct_of_gdp + murder_per_mil_people + primary_school_completion,0.4857623274196512,0.4734599907550495,0.9137346180820557,39.485371004141705,1.843161716478356e-28,5,-282.6328817938222,579.2657635876444,602.8602297845381,174.4963890268461,209,215
polrights_fh ~ internet_users + journakilled + life_expectancy_years + military_spending_pct_of_gdp + murder_per_mil_people,0.8185314469840772,0.6673076528041415,0.627042155574753,5.4127159778185225,0.03150906353196255,5,-7.267481233043167,28.534962466086334,31.929309014602335,2.3590911892069957,6,12
polrights_fh ~ internet_users + journakilled + life_expectancy_years + military_spending_pct_of_gdp + primary_school_completion,0.5590568168275325,0.5402130910509313,1.0160363037375164,29.668061584813028,2.328277145499663e-19,5,-173.41061562562592,360.82123125125185,380.50652173885874,120.78258314997359,117,123
polrights_fh ~ internet_users + journakilled + life_expectancy_years + murder_per_mil_people + primary_school_completion,0.7366273133674801,-0.5802361197951194,1.4515445198340142,0.5593801869024373,0.7611902216594975,5,-5.730281440056295,25.46056288011259,25.081933923499783,2.106981493060159,1,7
polrights_fh ~ internet_users + journakilled + military_spending_pct_of_gdp + murder_per_mil_people + primary_school_completion,0.9313724544580555,0.588234726748333,0.7409590841170356,2.7142816987059786,0.4296296821341546,5,-1.0232151044530344,16.04643020890607,15.66780125229326,0.5490203643355562,1,7
polrights_fh ~ internet_users + life_expectancy_years + military_spending_pct_of_gdp + murder_per_mil_people + primary_school_completion,0.4939105559888096,0.4818031530220347,0.9064665315819257,40.794095756472124,3.5588994089404175e-29,5,-280.91587716180345,575.8317543236069,599.4262205205006,171.73144873153674,209,215
polrights_fh ~ journakilled + life_expectancy_years + military_spending_pct_of_gdp + murder_per_mil_people + primary_school_completion,0.9589618731388209,0.7537712388329252,0.5729790702018993,4.67351678297954,0.3368952485797518,5,0.7764584166902745,12.447083166619452,12.068454210006644,0.3283050148894331,1,7
polrights_fh ~ electricity_use_per_person + gini + internet_users + journakilled + life_expectancy_years + military_spending_pct_of_gdp,0.3999864421728388,0.3749858772633736,1.1399946772735843,15.999096165279306,4.797895821958481e-14,6,-230.46055754629077,476.92111509258154,501.0593537871009,187.14065244654293,144,151
polrights_fh ~ electricity_use_per_person + gini + internet_users + journakilled + life_expectancy_years + murder_per_mil_people,0.9117480180065707,0.735244054019712,0.423610312339033,5.165595136857393,0.1029361711414256,6,0.4198918998865181,15.160216200226964,17.58089694417933,0.5383370901599194,3,10
polrights_fh ~ electricity_use_per_person + gini + internet_users + journakilled + life_expectancy_years + primary_school_completion,0.379536255154439,0.3346834543222298,1.16371059209908,8.46181839511548,3.592842544049212e-7,6,-137.70609193041173,291.41218386082346,311.4106612234656,112.40045439957808,83,90
polrights_fh ~ electricity_use_per_person + gini + internet_users + journakilled + military_spending_pct_of_gdp + murder_per_mil_people,0.9059893928320637,0.7179681784961911,0.43721264991016723,4.818548779360851,0.11235925574795755,6,0.10383458135841739,15.792330837283165,18.213011581235534,0.5734647037244114,3,10
polrights_fh ~ electricity_use_per_person + gini + internet_users + journakilled + military_spending_pct_of_gdp + primary_school_completion,0.5649910017251591,0.5319523436283358,0.9159848511204314,17.100906461436534,1.4646645124300585e-12,6,-110.83106885581408,237.66213771162816,257.2969160816562,66.28323155108738,79,86
polrights_fh ~ electricity_use_per_person + gini + internet_users + journakilled + murder_per_mil_people + primary_school_completion,1,NaN,NaN,NaN,NaN,4,Inf,-Inf,-Inf,0,0,5
polrights_fh ~ electricity_use_per_person + gini + internet_users + life_expectancy_years + military_spending_pct_of_gdp + murder_per_mil_people,0.5922962931004817,0.5817522317151493,0.8600336144529056,56.173448868992075,1.5459885211147794e-42,6,-299.53670175607914,615.0734035121583,642.8851119276104,171.60061377343158,232,239
polrights_fh ~ electricity_use_per_person + gini + internet_users + life_expectancy_years + military_spending_pct_of_gdp + primary_school_completion,0.5166933288298623,0.5097724695768293,1.206114682487696,74.65739584335957,4.193070939968185e-63,6,-680.7729240196375,1377.545848039275,1409.9813628094298,609.524590843894,419,426
polrights_fh ~ electricity_use_per_person + gini + internet_users + life_expectancy_years + murder_per_mil_people + primary_school_completion,0.46179782620932636,0.4426900567256338,0.960069134929372,24.168065592556253,1.4913610229822897e-20,6,-238.98968043901493,493.97936087802987,519.3432328383351,155.7728337096415,169,176
polrights_fh ~ electricity_use_per_person + gini + internet_users + military_spending_pct_of_gdp + murder_per_mil_people + primary_school_completion,0.5032327851466276,0.48527734364590336,0.9262942355993337,28.026756408430714,5.586040967484258e-23,6,-228.65812819322892,473.31625638645784,498.5425891424401,142.43148781015594,166,173
polrights_fh ~ electricity_use_per_person + gini + journakilled + life_expectancy_years + military_spending_pct_of_gdp + murder_per_mil_people,0.9324391751310448,0.7973175253931344,0.3706395516314232,6.900738534051763,0.07074976911278676,6,1.755731165472565,12.488537669054871,14.909218413007238,0.41212103170062725,3,10
polrights_fh ~ electricity_use_per_person + gini + journakilled + life_expectancy_years + military_spending_pct_of_gdp + primary_school_completion,0.6047594489993929,0.5747411793031443,0.8731119231952241,20.14637935893318,3.781606577766884e-14,6,-106.70856652849159,229.41713305698318,249.05191142701125,60.22363000362738,79,86
polrights_fh ~ electricity_use_per_person + gini + journakilled + life_expectancy_years + murder_per_mil_people + primary_school_completion,1,NaN,NaN,NaN,NaN,4,Inf,-Inf,-Inf,0,0,5
polrights_fh ~ electricity_use_per_person + gini + journakilled + military_spending_pct_of_gdp + murder_per_mil_people + primary_school_completion,1,NaN,NaN,NaN,NaN,4,Inf,-Inf,-Inf,0,0,5
polrights_fh ~ electricity_use_per_person + gini + life_expectancy_years + military_spending_pct_of_gdp + murder_per_mil_people + primary_school_completion,0.5280077478897617,0.5109477869701144,0.9029005825566061,30.950114738051916,8.78586488235425e-25,6,-224.23287768912857,464.46575537825714,489.6920881342394,135.32809068885572,166,173
polrights_fh ~ electricity_use_per_person + internet_users + journakilled + life_expectancy_years + military_spending_pct_of_gdp + murder_per_mil_people,0.920091209344407,0.7602736280332211,0.40308957771985665,5.757133863469429,0.08961969545391724,6,0.9164433347318285,14.167113330536344,16.58779407448871,0.48744362299911703,3,10
polrights_fh ~ electricity_use_per_person + internet_users + journakilled + life_expectancy_years + military_spending_pct_of_gdp + primary_school_completion,0.5985271032949466,0.5680354908869679,0.8799688254191733,19.629237551843282,6.87764120198939e-14,6,-107.38132116220496,230.7626423244099,250.39742069443798,61.17326556305836,79,86
polrights_fh ~ electricity_use_per_person + internet_users + journakilled + life_expectancy_years + murder_per_mil_people + primary_school_completion,1,NaN,NaN,NaN,NaN,4,Inf,-Inf,-Inf,0,0,5
polrights_fh ~ electricity_use_per_person + internet_users + journakilled + military_spending_pct_of_gdp + murder_per_mil_people + primary_school_completion,1,NaN,NaN,NaN,NaN,4,Inf,-Inf,-Inf,0,0,5
polrights_fh ~ electricity_use_per_person + internet_users + life_expectancy_years + military_spending_pct_of_gdp + murder_per_mil_people + primary_school_completion,0.5569230747707339,0.5409082461479893,0.8748066284238325,34.77546265963666,5.131589248514147e-27,6,-218.76441954087025,453.5288390817405,478.75517183772274,127.03758176428936,166,173
polrights_fh ~ electricity_use_per_person + journakilled + life_expectancy_years + military_spending_pct_of_gdp + murder_per_mil_people + primary_school_completion,1,NaN,NaN,NaN,NaN,4,Inf,-Inf,-Inf,0,0,5
polrights_fh ~ gini + internet_users + journakilled + life_expectancy_years + military_spending_pct_of_gdp + murder_per_mil_people,0.8982129338776565,0.7760684545308444,0.5144379184295155,7.353692436047867,0.022395207770297895,6,-3.7982852358120764,23.596570471624155,27.475823669928154,1.3232318595904642,5,12
polrights_fh ~ gini + internet_users + journakilled + life_expectancy_years + military_spending_pct_of_gdp + primary_school_completion,0.5800482388787697,0.5583265960621543,0.9958216159309304,26.703700257656294,8.533406792056164e-20,6,-170.4108805190182,356.8217610380364,379.31923588101574,115.03264012761359,116,123
polrights_fh ~ gini + internet_users + journakilled + life_expectancy_years + murder_per_mil_people + primary_school_completion,1,NaN,NaN,NaN,NaN,6,Inf,-Inf,-Inf,0,0,7
polrights_fh ~ gini + internet_users + journakilled + military_spending_pct_of_gdp + murder_per_mil_people + primary_school_completion,1,NaN,NaN,NaN,NaN,6,Inf,-Inf,-Inf,0,0,7
polrights_fh ~ gini + internet_users + life_expectancy_years + military_spending_pct_of_gdp + murder_per_mil_people + primary_school_completion,0.5026210675423484,0.48827359833683925,0.900789474306305,35.032036684863584,4.08902232318795e-29,6,-279.0495432870311,574.0990865740622,601.0641907990835,168.7757088203741,208,215
polrights_fh ~ gini + journakilled + life_expectancy_years + military_spending_pct_of_gdp + murder_per_mil_people + primary_school_completion,1,NaN,NaN,NaN,NaN,6,Inf,-Inf,-Inf,0,0,7
polrights_fh ~ internet_users + journakilled + life_expectancy_years + military_spending_pct_of_gdp + murder_per_mil_people + primary_school_completion,1,NaN,NaN,NaN,NaN,6,Inf,-Inf,-Inf,0,0,7
polrights_fh ~ electricity_use_per_person + gini + internet_users + journakilled + life_expectancy_years + military_spending_pct_of_gdp + murder_per_mil_people,0.9332261403995301,0.6995176317978855,0.4512873494586717,3.993120087853585,0.21484729133769212,7,1.8143142688909601,14.371371462218079,17.094637299164493,0.40732054356286657,2,10
polrights_fh ~ electricity_use_per_person + gini + internet_users + journakilled + life_expectancy_years + military_spending_pct_of_gdp + primary_school_completion,0.6212988674207105,0.5873128683430819,0.86010944593819,18.28102407704953,3.605902241262016e-14,7,-104.87043504463799,227.74087008927597,249.82999575555755,57.70348420138382,78,86
polrights_fh ~ electricity_use_per_person + gini + internet_users + journakilled + life_expectancy_years + murder_per_mil_people + primary_school_completion,1,NaN,NaN,NaN,NaN,4,Inf,-Inf,-Inf,0,0,5
polrights_fh ~ electricity_use_per_person + gini + internet_users + journakilled + military_spending_pct_of_gdp + murder_per_mil_people + primary_school_completion,1,NaN,NaN,NaN,NaN,4,Inf,-Inf,-Inf,0,0,5
polrights_fh ~ electricity_use_per_person + gini + internet_users + life_expectancy_years + military_spending_pct_of_gdp + murder_per_mil_people + primary_school_completion,0.5880965648774183,0.5706218736903997,0.8460232090422998,33.65418928343043,8.824349774635883e-29,7,-212.45385875273075,442.9077175054615,471.2873418559415,118.09961958930808,165,173
polrights_fh ~ electricity_use_per_person + gini + journakilled + life_expectancy_years + military_spending_pct_of_gdp + murder_per_mil_people + primary_school_completion,1,NaN,NaN,NaN,NaN,4,Inf,-Inf,-Inf,0,0,5
polrights_fh ~ electricity_use_per_person + internet_users + journakilled + life_expectancy_years + military_spending_pct_of_gdp + murder_per_mil_people + primary_school_completion,1,NaN,NaN,NaN,NaN,4,Inf,-Inf,-Inf,0,0,5
polrights_fh ~ gini + internet_users + journakilled + life_expectancy_years + military_spending_pct_of_gdp + murder_per_mil_people + primary_school_completion,1,NaN,NaN,NaN,NaN,6,Inf,-Inf,-Inf,0,0,7
polrights_fh ~ electricity_use_per_person + gini + internet_users + journakilled + life_expectancy_years + military_spending_pct_of_gdp + murder_per_mil_people + primary_school_completion,1,NaN,NaN,NaN,NaN,4,Inf,-Inf,-Inf,0,0,5
