polrights_fh,country,year,corruption_perception_index_cpi,edu_exp_gdp_per_person,electricity_use_per_person,gini,internet_users,labour_force_participation_rate_percent,life_expectancy_years,military_spending_pct_of_gdp,murder_per_mil_people
7,Australia,2012,85,0.181,10400,32.4,79,0.652,82.5,1.68,1.23
7,Australia,2013,81,0.187,10200,31.9,83.5,0.65,82.6,1.6500000000000001,1.06
7,Australia,2014,80,0.182,10100,32.2,84,0.648,82.5,1.78,1.02
7,Australia,2015,79,0.188,10600,32.3,84.6,0.65,82.5,1.96,1.11
7,Australia,2016,79,0.193,10600,32.3,86.5,0.649,82.5,2.09,1.1
7,Australia,2017,77,0.1845,10600,32.3,86.5,0.648,82.4,2.01,1.1
7,Austria,2012,69,0.213,8550,30.6,80,0.603,81,0.7779999999999999,0.369
7,Austria,2013,69,0.229,8510,30.6,80.6,0.604,81.2,0.751,0.401
7,Austria,2014,72,0.226,8360,30.6,81,0.602,81.4,0.748,0.402
7,Austria,2015,76,0.232,8220,30.6,83.9,0.601,81.5,0.698,0.508
7,Austria,2016,75,0.235,8220,30.5,84.3,0.604,81.7,0.733,0.417
7,Austria,2017,75,0.2275,8220,30.5,87.9,0.603,81.8,0.756,0.558
7,Belgium,2012,75,0.221,7990,27.9,80.7,0.531,80.3,1.04,1.09
7,Belgium,2013,75,0.226,7990,27.8,82.2,0.535,80.5,1.01,0.94
7,Belgium,2014,76,0.222,7710,27.8,85,0.535,80.9,0.9780000000000001,0.987
7,Belgium,2015,77,0.22,8350,27.8,85.1,0.534,80.9,0.922,0.978
7,Belgium,2016,77,0.219,8350,27.8,86.5,0.532,81.2,0.919,1.19
7,Belgium,2017,75,0.221,8350,27.7,87.7,0.532,81.4,0.91,1.19
7,Canada,2012,84,0.176,15300,33.3,83,0.662,81.7,1.1199999999999999,1.51
7,Canada,2013,81,0.176,15800,32.8,85.8,0.662,81.9,1,1.51
7,Canada,2014,81,0.176,15600,32.2,87.1,0.657,81.8,0.992,1.51
7,Canada,2015,83,0.176,16450,31.7,90,0.655,81.7,1.15,1.51
7,Canada,2016,82,0.176,16450,31.1,91.2,0.654,81.9,1.16,1.51
7,Canada,2017,82,0.176,16450,31.1,91,0.652,82,1.29,1.51
7,Chile,2012,72,0.168,3810,47.6,55,0.619,79.3,2.0500000000000003,4.4
7,Chile,2013,71,0.158,3880,47.5,58,0.62,79.3,1.9900000000000002,4.4
7,Chile,2014,73,0.142,3880,47.5,61.1,0.622,79.6,1.96,4.4
7,Chile,2015,70,0.152,3305,47.5,76.6,0.623,79.6,1.9,4.4
7,Chile,2016,66,0.183,3305,47.6,83.6,0.621,79.7,1.92,4.4
7,Chile,2017,67,0.184,3305,47.7,82.3,0.623,79.7,1.94,4.4
4,Colombia,2012,36,0.149,1170,53.4,49,0.707,79.3,3.17,25.34
4,Colombia,2013,36,0.166,1310,52.7,51.7,0.705,79.6,3.29,25.34
4,Colombia,2014,37,0.17,1310,52.1,52.6,0.704,80,3.1300000000000003,25.34
4,Colombia,2015,37,0.174,988.5,51.7,55.9,0.706,80,3.1300000000000003,25.34
5,Colombia,2016,37,0.174,988.5,51.3,58.1,0.703,80,3.08,25.34
5,Colombia,2017,37,0.178,988.5,50.9,62.3,0.704,80.1,3.19,25.34
7,Czech Republic,2012,49,0.157,6300,26.3,73.4,0.587,78.1,1.0699999999999998,0.746
7,Czech Republic,2013,48,0.153,6280,26.2,74.1,0.594,78.4,1.03,0.797
7,Czech Republic,2014,51,0.151,6260,26,74.2,0.594,78.8,0.9730000000000001,0.658
7,Czech Republic,2015,56,0.149,6290,26,75.7,0.596,78.8,0.9530000000000001,0.66
7,Czech Republic,2016,55,0.139,6290,25.9,76.5,0.601,79,1,0.467
7,Czech Republic,2017,57,0.1315,6290,25.9,78.7,0.599,79.2,0.9690000000000001,0.766
7,Denmark,2012,90,0.256,6040,27.8,92.3,0.632,80.1,1.35,0.312
7,Denmark,2013,91,0.254,6040,28,94.6,0.623,80.4,1.23,0.381
7,Denmark,2014,92,0.251,5860,28.2,96,0.621,80.7,1.15,0.636
7,Denmark,2015,91,0.246,6510,28.3,96.3,0.62,80.9,1.11,0.572
7,Denmark,2016,90,0.246,6510,28.2,97,0.633,80.8,1.15,0.789
7,Denmark,2017,88,0.246,6510,28.2,97.1,0.631,80.8,1.15,0.789
7,Estonia,2012,64,0.225,6690,33.4,78.4,0.613,76.4,1.9,4.41
7,Estonia,2013,68,0.259,6660,33.5,80,0.613,77,1.91,3.61
7,Estonia,2014,69,0.224,6730,33.6,84.2,0.612,77.2,1.92,2.7
7,Estonia,2015,70,0.2,6130,33.5,88.4,0.622,77.7,2.02,2.74
7,Estonia,2016,70,0.203,6130,33.1,87.2,0.629,77.9,2.08,5.78
7,Estonia,2017,71,0.203,6130,32.7,88.1,0.628,78.1,2.03,5.78
7,Finland,2012,90,0.206,15700,27.3,89.9,0.597,80.7,1.54,1.34
7,Finland,2013,89,0.207,15500,27.2,91.5,0.59,80.9,1.54,1.4
7,Finland,2014,89,0.211,15200,27.1,86.5,0.589,81.3,1.46,1.4
7,Finland,2015,90,0.22,16100,27.1,86.4,0.588,81.6,1.46,1.8250000000000002
7,Finland,2016,89,0.215,16100,27,87.7,0.585,81.5,1.43,1.8250000000000002
7,Finland,2017,85,0.1865,16100,27.1,87.5,0.583,81.4,1.37,1.8250000000000002
7,France,2012,71,0.175,7360,33,81.4,0.562,81.8,2.2399999999999998,0.607
7,France,2013,71,0.177,7370,32.8,81.9,0.561,82.1,2.22,0.607
7,France,2014,69,0.177,6940,32.7,83.8,0.558,82.5,2.23,0.44
7,France,2015,70,0.175,7440,32.6,78,0.556,82.5,2.27,0.6645000000000001
6,France,2016,69,0.174,7440,32.6,79.3,0.554,82.8,2.33,0.6645000000000001
6,France,2017,70,0.177,7440,32.7,80.5,0.552,82.8,2.35,0.6645000000000001
7,Germany,2012,79,0.173,7270,30.8,82.3,0.6,80.7,1.31,0.493
7,Germany,2013,78,0.176,7220,31.1,84.2,0.603,80.6,1.22,0.46
7,Germany,2014,79,0.177,7040,31.4,86.2,0.604,80.9,1.18,0.419
7,Germany,2015,81,0.175,7165,31.6,87.6,0.603,80.7,1.18,0.506
7,Germany,2016,81,0.174,7165,31.7,84.2,0.605,80.5,1.1900000000000002,0.543
7,Germany,2017,81,0.173,7165,31.7,84.4,0.605,80.6,1.23,0.543
6,Greece,2012,36,0.2025,5530,35.4,55.1,0.536,80.3,2.41,1.3
6,Greece,2013,40,0.2025,5030,35.8,59.9,0.533,80.8,2.36,1.19
6,Greece,2014,43,0.2025,5060,36,63.2,0.53,81,2.33,0.862
6,Greece,2015,46,0.202,5315,36,66.8,0.531,80.8,2.45,0.752
6,Greece,2016,44,0.203,5315,36,69.1,0.532,80.9,2.54,0.972
6,Greece,2017,48,0.2025,5315,36,70.5,0.529,81,2.52,0.972
6,Hungary,2012,55,0.187,3920,30.4,70.6,0.516,75.2,1.03,1.17
6,Hungary,2013,54,0.22,3890,30.6,72.6,0.521,75.7,0.947,0.953
6,Hungary,2014,54,0.145,3970,30.8,75.7,0.536,76,0.864,0.672
6,Hungary,2015,51,0.187,3880,30.7,72.8,0.548,75.5,0.9199999999999999,1.02
6,Hungary,2016,48,0.191,3880,30.5,79.3,0.558,76.4,1.02,0.809
6,Hungary,2017,45,0.214,3880,30.4,76.8,0.556,76.8,1.05,1.325
7,Iceland,2012,82,0.234,53200,26.6,96.2,0.744,82.6,0,0.332
7,Iceland,2013,78,0.233,54800,26.9,96.5,0.751,82.7,0,0.373
7,Iceland,2014,79,0.241,53800,27.1,98.2,0.763,82.7,0,0.345
7,Iceland,2015,79,0.228,43500,27.3,98.2,0.77,82.7,0,0.744
7,Iceland,2016,78,0.221,43500,27.8,98.2,0.777,82.7,0,0.246
7,Iceland,2017,77,0.2415,43500,27.8,98.3,0.773,82.8,0,0.581
7,Ireland,2012,69,0.185,5650,32.8,76.9,0.603,80.8,0.514,0.83
7,Ireland,2013,72,0.167,5700,32.7,78.2,0.606,81.1,0.501,0.544
7,Ireland,2014,74,0.153,5670,32.4,83.5,0.603,81.4,0.45999999999999996,0.8905000000000001
7,Ireland,2015,75,0.118,5995,32.2,83.5,0.602,81.6,0.34299999999999997,0.8905000000000001
7,Ireland,2016,73,0.118,5995,31.8,85,0.604,81.8,0.331,0.8905000000000001
7,Ireland,2017,74,0.148,5995,31.8,84.1,0.6,81.8,0.311,0.8905000000000001
6,Israel,2012,60,0.207,7180,41.7,70.8,0.636,82.2,6.05,1.8
6,Israel,2013,61,0.209,6710,41.5,70.3,0.637,82.4,5.91,1.71
6,Israel,2014,60,0.207,6600,41.4,75,0.642,81.9,5.96,1.65
6,Israel,2015,61,0.213,6660,41.4,77.4,0.641,82.6,5.65,1.7
6,Israel,2016,64,0.215,6660,41.4,79.7,0.642,82.9,4.63,2.16
5,Israel,2017,62,0.209,6660,41.4,81.6,0.641,83,4.43,2.16
7,Italy,2012,42,0.204,5400,34.9,55.8,0.487,82.2,1.44,0.698
7,Italy,2013,43,0.214,5160,35,58.5,0.483,82.5,1.41,0.606
7,Italy,2014,43,0.212,5000,35.1,55.6,0.485,82.7,1.29,0.558
7,Italy,2015,44,0.217,5525,35.2,58.1,0.484,82.6,1.21,0.564
7,Italy,2016,47,0.195,5525,35.3,61.3,0.488,83,1.34,0.781
7,Italy,2017,50,0.223,5525,35.4,63.1,0.486,83.2,1.37,0.781
6,Japan,2012,74,0.225,8000,32.1,79.5,0.593,83.4,0.967,0.262
7,Japan,2013,74,0.23,7990,32.1,88.2,0.596,83.6,0.951,0.23
7,Japan,2014,76,0.225,7820,32.1,89.1,0.598,83.8,0.967,0.241
7,Japan,2015,75,0.225,8215,32.1,91.1,0.6,84.1,0.958,0.208
7,Japan,2016,72,0.218,8215,32.1,93.2,0.605,84.2,0.9400000000000001,0.357
7,Japan,2017,73,0.225,8215,32.1,84.6,0.602,84.2,0.931,0.357
6,Latvia,2012,49,0.331,3590,35.3,73.1,0.598,74.2,0.909,4.98
6,Latvia,2013,53,0.369,3470,35.2,75.2,0.595,74.2,0.9369999999999999,4.95
6,Latvia,2014,55,0.273,3510,34.9,75.8,0.594,74.6,0.9440000000000001,5.66
6,Latvia,2015,56,0.268,3100,34.6,79.2,0.602,74.9,1.05,4.26
6,Latvia,2016,57,0.245,3100,34.4,79.8,0.607,75,1.47,6.78
6,Latvia,2017,58,0.267,3100,34.2,80.1,0.606,75.2,1.68,6.78
7,Lithuania,2012,54,0.197,3610,34.8,67.2,0.582,74,0.767,3.93
7,Lithuania,2013,57,0.192,3660,35.6,68.5,0.583,74,0.765,4.2
7,Lithuania,2014,58,0.185,3820,36.6,72.1,0.591,74.6,0.88,3.45
7,Lithuania,2015,59,0.186,3500,37,71.4,0.593,74.7,1.1400000000000001,3.66
7,Lithuania,2016,59,0.195,3500,37.4,74.4,0.605,74.9,1.48,3.05
7,Lithuania,2017,59,0.181,3500,37.4,77.6,0.605,75,1.72,4.6899999999999995
7,Luxembourg,2012,80,0.21,14700,32,91.9,0.58,81.1,0.41900000000000004,0.188
7,Luxembourg,2013,80,0.196,14200,32.7,93.8,0.583,81.3,0.41900000000000004,0.152
7,Luxembourg,2014,82,0.195,13900,33,94.7,0.59,81.4,0.422,0.59
7,Luxembourg,2015,85,0.197,15750,32.9,96.4,0.594,81.4,0.483,0.711
7,Luxembourg,2016,81,0.197,15750,33.3,98.1,0.58,81.6,0.44200000000000006,1.04
7,Luxembourg,2017,82,0.197,15750,33.8,97.4,0.579,81.7,0.5760000000000001,1.04
5,Mexico,2012,34,0.139,2250,46.9,39.8,0.621,75.6,0.581,29.07
5,Mexico,2013,34,0.143,2140,46.9,43.5,0.619,75.7,0.615,29.07
5,Mexico,2014,35,0.143,2160,46.8,44.4,0.612,75.8,0.659,29.07
5,Mexico,2015,31,0.144,2020,46.5,57.4,0.614,75.9,0.662,29.07
5,Mexico,2016,30,0.138,2020,46.3,59.5,0.613,75.9,0.559,29.07
5,Mexico,2017,29,0.138,2020,46,63.9,0.613,75.5,0.502,29.07
7,Netherlands,2012,84,0.1675,6880,28,92.9,0.646,81,1.24,0.83
7,Netherlands,2013,83,0.1675,6830,28.1,94,0.645,81.3,1.17,0.771
7,Netherlands,2014,83,0.1675,6710,28.2,91.7,0.64,81.5,1.16,0.709
7,Netherlands,2015,84,0.168,6880,28.3,91.7,0.641,81.5,1.13,0.603
7,Netherlands,2016,83,0.167,6880,28.3,90.4,0.637,81.5,1.16,0.567
7,Netherlands,2017,82,0.1675,6880,28.2,93.2,0.635,81.5,1.16,0.8645
7,New Zealand,2012,90,0.1885,9360,33.5,81.6,0.673,81,1.21,1.23
7,New Zealand,2013,91,0.194,9090,34,82.8,0.676,81.3,1.2,1.2
7,New Zealand,2014,91,0.182,9030,34,85.5,0.684,81.3,1.18,1.37
7,New Zealand,2015,91,0.183,9495,34.5,88.2,0.683,81.5,1.15,1.37
7,New Zealand,2016,90,0.203,9495,34.8,88.5,0.693,81.7,1.18,1.37
7,New Zealand,2017,89,0.1885,9495,35,90.8,0.692,81.6,1.21,1.37
7,Norway,2012,85,0.193,24100,26,94.6,0.653,81.5,1.4000000000000001,0.566
7,Norway,2013,86,0.199,23800,26.3,95.1,0.65,81.5,1.41,0.927
7,Norway,2014,86,0.199,23000,26.8,96.3,0.647,81.9,1.47,0.587
7,Norway,2015,88,0.215,24150,27.1,96.8,0.649,82.3,1.5,0.389
7,Norway,2016,85,0.217,24150,27.4,97.3,0.644,82.4,1.6199999999999999,0.742
7,Norway,2017,85,0.199,24150,27.5,96.4,0.642,82.3,1.6199999999999999,0.742
7,Poland,2012,58,0.258,3900,32.8,62.3,0.564,76.8,1.7999999999999998,0.788
7,Poland,2013,60,0.264,3940,32.6,62.8,0.565,77.1,1.77,0.903
7,Poland,2014,61,0.26,3970,32.1,66.6,0.568,77.6,1.9,0.718
7,Poland,2015,63,0.238,3625,31.7,68,0.567,77.5,2.1399999999999997,0.588
6,Poland,2016,62,0.231,3625,31.3,73.3,0.569,77.8,1.94,1.03
6,Poland,2017,60,0.248,3625,31,76,0.566,78,1.9,1.03
7,Portugal,2012,63,0.209,4740,36,60.3,0.6,80.6,1.91,0.97
7,Portugal,2013,62,0.239,4690,35.9,62.1,0.592,80.9,2.09,0.835
7,Portugal,2014,63,0.238,4660,35.8,64.6,0.588,81.2,1.79,0.838
7,Portugal,2015,64,0.225,4715,35.7,68.6,0.586,81.5,1.79,0.97
7,Portugal,2016,62,0.214,4715,35.5,70.4,0.585,81.5,1.73,0.97
7,Portugal,2017,63,0.214,4715,35.5,73.8,0.582,81.4,1.67,0.97
7,Slovenia,2012,61,0.299,6720,25.5,68.3,0.577,79.9,1.17,0.608
7,Slovenia,2013,57,0.284,6780,25.6,72.7,0.574,80.2,1.05,0.806
7,Slovenia,2014,58,0.273,6730,25.7,71.6,0.577,80.9,0.975,0.912
7,Slovenia,2015,60,0.246,6740,25.6,73.1,0.574,80.8,0.9299999999999999,0.56
7,Slovenia,2016,61,0.236,6740,25.5,75.5,0.567,81,1.01,0.799
7,Slovenia,2017,61,0.279,6740,25.4,78.9,0.563,81.1,0.9820000000000001,0.799
6,South Korea,2012,56,0.278,10300,31.7,84.1,0.612,81.2,2.6100000000000003,0.983
6,South Korea,2013,55,0.278,10400,31.6,84.8,0.613,81.6,2.63,0.979
6,South Korea,2014,55,0.278,10500,31.6,87.6,0.623,82,2.6599999999999997,0.886
6,South Korea,2015,54,0.278,8615,31.6,89.9,0.625,82.3,2.64,0.87
6,South Korea,2016,53,0.278,8615,31.6,92.8,0.626,82.5,2.6100000000000003,1.25
6,South Korea,2017,54,0.278,8615,31.6,95.1,0.626,82.6,2.5700000000000003,1.25
7,Spain,2012,65,0.183,5570,35.7,69.8,0.593,82.3,1.41,0.568
7,Spain,2013,59,0.176,5410,35.9,71.6,0.589,82.6,1.27,0.588
7,Spain,2014,60,0.173,5360,36,76.2,0.585,82.7,1.25,0.563
7,Spain,2015,58,0.173,5665,36.2,78.7,0.583,82.6,1.27,0.557
7,Spain,2016,58,0.171,5665,36.2,80.6,0.581,82.9,1.13,0.668
7,Spain,2017,57,0.184,5665,36.2,84.6,0.578,83.1,1.23,0.668
7,Sweden,2012,88,0.22,14300,28,93.2,0.634,81.8,1.15,0.657
7,Sweden,2013,89,0.222,13900,28.3,94.8,0.638,81.9,1.13,0.81
7,Sweden,2014,87,0.219,13500,28.6,92.5,0.639,82.1,1.1400000000000001,0.823
7,Sweden,2015,89,0.213,15100,28.8,90.6,0.639,82.2,1.08,1.08
7,Sweden,2016,88,0.217,15100,28.9,89.7,0.64,82.4,1.06,0.896
7,Sweden,2017,84,0.2265,15100,29,95.5,0.64,82.5,1.03,0.896
7,Switzerland,2012,86,0.27,7890,32.2,85.2,0.675,82.9,0.687,0.437
7,Switzerland,2013,85,0.269,7810,32.1,86.3,0.676,83,0.731,0.521
7,Switzerland,2014,86,0.264,7520,32.2,87.4,0.68,83.3,0.65,0.604
7,Switzerland,2015,86,0.246,8095,32.4,87.5,0.682,83.5,0.6649999999999999,0.604
7,Switzerland,2016,86,0.248,8095,32.4,89.1,0.686,83.8,0.6819999999999999,0.604
7,Switzerland,2017,85,0.2255,8095,32.3,89.7,0.684,84,0.6819999999999999,0.604
4,Turkey,2012,49,0.133,2770,40.1,45.1,0.487,78,2.0500000000000003,1.23
4,Turkey,2013,50,0.132,2760,40.9,46.3,0.496,78,1.96,1.67
4,Turkey,2014,45,0.146,2850,41.3,51,0.501,78.1,1.9,1.51
4,Turkey,2015,42,0.144,2330,41.6,53.7,0.51,78.3,1.8499999999999999,1.35
3,Turkey,2016,41,0.13,2330,41.9,58.3,0.518,78.6,2.07,1.35
2,Turkey,2017,40,0.133,2330,42.1,64.7,0.516,78.9,2.07,1.35
7,United Kingdom,2012,74,0.213,5450,33.4,87.5,0.62,80.9,2.19,0.233
7,United Kingdom,2013,76,0.231,5410,33.2,89.8,0.621,80.9,2.07,0.219
7,United Kingdom,2014,78,0.236,5130,33.2,91.6,0.622,81.1,1.95,0.19
7,United Kingdom,2015,81,0.25,6060,33.4,92,0.622,81,1.8599999999999999,0.192
7,United Kingdom,2016,81,0.242,6060,33.4,94.8,0.624,80.9,1.81,0.34
7,United Kingdom,2017,82,0.213,6060,33.2,94.6,0.623,81,1.77,0.34
7,United States,2012,73,0.205,13000,40.8,74.7,0.629,78.9,4.2299999999999995,6.37
7,United States,2013,73,0.197,13000,41,71.4,0.625,78.9,3.81,6.37
7,United States,2014,74,0.198,13000,41.2,73,0.622,78.9,3.4799999999999995,6.37
7,United States,2015,76,0.198,13300,41.3,74.6,0.62,78.8,3.27,6.37
7,United States,2016,74,0.199,13300,41.4,85.5,0.622,78.6,3.2099999999999995,6.37
7,United States,2017,75,0.199,13300,41.5,87.3,0.619,78.6,3.11,6.37
7,Australia,2001,79.5,0.1845,10600,33.4,52.7,0.635,80,1.87,1.58
7,Australia,2002,79.5,0.1845,10800,33.5,77.5,0.636,80.2,1.87,1.46
7,Australia,2003,79.5,0.1845,10400,33.7,77.5,0.638,80.5,1.8499999999999999,1.27
7,Australia,2004,79.5,0.1845,10600,34,77.5,0.636,80.8,1.83,0.748
7,Australia,2005,79.5,0.179,10500,34.3,63,0.645,81.2,1.7999999999999998,1.1
7,Australia,2006,79.5,0.177,10500,34.7,66,0.649,81.4,1.82,1.22
7,Australia,2007,79.5,0.173,11000,34.9,69.5,0.653,81.4,1.81,0.978
7,Australia,2008,79.5,0.177,10700,35,71.7,0.656,81.5,1.7999999999999998,1.09
7,Australia,2009,79.5,0.199,10800,34.2,74.3,0.655,81.7,1.9300000000000002,1.17
7,Australia,2010,79.5,0.223,10700,33.6,76,0.655,82,1.8599999999999999,1.01
7,Australia,2011,79.5,0.2,10600,32.9,79.5,0.656,82.1,1.77,1.05
7,Australia,2018,79.5,0.1845,10600,32.3,77.5,0.647,82.5,1.8900000000000001,1.1
7,Austria,2001,73.5,0.224,7330,29,39.2,0.58,78.7,0.9079999999999999,0.945
7,Austria,2002,73.5,0.229,7430,29.3,36.6,0.588,78.9,0.8840000000000001,0.84
7,Austria,2003,73.5,0.226,7700,29.3,42.7,0.588,79,0.914,0.607
7,Austria,2004,73.5,0.22,7810,29.4,54.3,0.568,79.4,0.893,0.693
7,Austria,2005,73.5,0.226,7980,29.6,58,0.581,79.6,0.8500000000000001,0.793
7,Austria,2006,73.5,0.226,8240,29.8,63.6,0.585,80.1,0.786,0.798
7,Austria,2007,73.5,0.222,8210,30.2,69.4,0.594,80.2,0.8999999999999999,0.609
7,Austria,2008,73.5,0.232,8230,30.5,72.9,0.597,80.4,0.8710000000000001,0.492
7,Austria,2009,73.5,0.251,7940,30.7,73.5,0.6,80.3,0.8330000000000001,0.634
7,Austria,2010,73.5,0.249,8380,30.7,75.2,0.6,80.6,0.8210000000000001,0.428
7,Austria,2011,73.5,0.246,8430,30.8,78.7,0.6,80.8,0.791,0.509
7,Austria,2018,73.5,0.2275,8220,30.5,87.5,0.602,81.9,0.736,0.558
6,Belgium,2001,75.5,0.221,8270,28,31.3,0.507,78.1,1.28,1.85
7,Belgium,2002,75.5,0.221,8310,28.6,46.3,0.509,78.3,1.22,1.81
7,Belgium,2003,75.5,0.221,8410,28.9,50,0.511,78.5,1.21,1.4
7,Belgium,2004,75.5,0.221,8580,28.8,53.9,0.518,79,1.15,1.62
7,Belgium,2005,75.5,0.221,8510,29.1,55.8,0.532,79.2,1.09,1.49
7,Belgium,2006,75.5,0.221,8680,29.1,59.7,0.53,79.6,1.05,1.31
7,Belgium,2007,75.5,0.221,8610,28.7,64.4,0.536,79.6,1.09,1.45
7,Belgium,2008,75.5,0.221,8520,28.5,66,0.536,79.6,1.21,1.1
7,Belgium,2009,75.5,0.221,7900,28.5,70,0.534,79.8,1.16,1.12
7,Belgium,2010,75.5,0.221,8390,28.2,75,0.54,80.1,1.08,0.981
7,Belgium,2011,75.5,0.221,8030,28,81.6,0.531,80.2,1.04,1.19
7,Belgium,2018,75.5,0.221,8350,27.7,88.7,0.531,81.5,0.9259999999999999,1.19
7,Canada,2001,82,0.176,16800,33.4,60.2,0.654,79.5,1.1400000000000001,1.51
7,Canada,2002,82,0.176,17000,33.5,61.6,0.663,79.6,1.1199999999999999,1.5
7,Canada,2003,82,0.176,17200,33.6,64.2,0.671,79.8,1.1199999999999999,1.43
7,Canada,2004,82,0.176,17300,33.7,66,0.67,80.1,1.11,1.6
7,Canada,2005,82,0.176,16900,33.8,71.7,0.667,80.2,1.11,1.81
7,Canada,2006,82,0.176,16500,33.8,72.4,0.666,80.6,1.13,1.51
7,Canada,2007,82,0.176,16700,33.8,73.2,0.67,80.7,1.1900000000000002,1.51
7,Canada,2008,82,0.176,16400,33.7,76.7,0.672,80.8,1.25,1.51
7,Canada,2009,82,0.176,15500,33.7,80.3,0.668,81.1,1.38,1.51
7,Canada,2010,82,0.176,15300,33.7,80.3,0.666,81.4,1.2,1.51
7,Canada,2011,82,0.176,15600,33.8,83,0.664,81.7,1.2,1.51
7,Canada,2018,82,0.176,16450,31.1,80.3,0.65,82.1,1.25,1.51
6,Chile,2001,70.5,0.148,2630,52.5,19.1,0.545,76.8,2.67,4.4
7,Chile,2002,70.5,0.153,2730,51.8,22.1,0.541,77.3,2.55,4.4
7,Chile,2003,70.5,0.146,2900,51.1,25.5,0.544,77.3,2.73,4.4
7,Chile,2004,70.5,0.122,3060,50.3,28.2,0.558,77.5,2.71,4.4
7,Chile,2005,70.5,0.115,3100,49.6,31.2,0.553,77.9,2.52,4.4
7,Chile,2006,70.5,0.105,3220,49,34.5,0.56,78.2,2.4899999999999998,4.4
7,Chile,2007,70.5,0.112,3340,48.7,35.9,0.575,78.4,2.32,4.4
7,Chile,2008,70.5,0.139,3340,48.5,37.3,0.584,78.8,2.59,4.4
7,Chile,2009,70.5,0.161,3300,48.4,41.6,0.58,78.6,2.27,4.4
7,Chile,2010,70.5,0.146,3310,48.2,45,0.608,78.6,2.2399999999999998,4.4
7,Chile,2011,70.5,0.15,3580,47.9,52.2,0.62,79,2.26,4.4
7,Chile,2018,70.5,0.148,3305,47.7,41.6,0.625,79.8,1.8900000000000001,4.4
4,Colombia,2001,37,0.13,866,56.8,2.85,0.615,74.3,3.32,25.34
4,Colombia,2002,37,0.155,873,56,4.6,0.624,73.3,3.42,25.34
4,Colombia,2003,37,0.155,876,55,7.39,0.633,75.1,3.46,25.34
4,Colombia,2004,37,0.158,912,54.4,9.12,0.642,75.6,3.47,25.34
5,Colombia,2005,37,0.154,909,54.2,11,0.651,76.4,3.35,25.34
5,Colombia,2006,37,0.155,961,54.6,15.3,0.66,76.6,3.2800000000000002,25.34
5,Colombia,2007,37,0.124,989,54.5,21.8,0.668,77.3,3.27,25.34
4,Colombia,2008,37,0.123,988,54.7,25.6,0.676,77.6,3.71,25.34
4,Colombia,2009,37,0.155,1070,54.6,30,0.684,77.7,3.8600000000000003,25.34
4,Colombia,2010,37,0.155,1090,54.2,36.5,0.69,78.1,3.63,25.34
4,Colombia,2011,37,0.148,1140,53.7,40.4,0.698,78.9,3.0700000000000003,25.34
5,Colombia,2018,37,0.17,988.5,50.8,64.1,0.705,80.3,3.17,25.34
6,Czech Republic,2001,53,0.102,5890,26.9,14.7,0.597,75.3,1.7500000000000002,1.21
6,Czech Republic,2002,53,0.108,5890,27.1,23.9,0.596,75.5,1.82,1.17
6,Czech Republic,2003,53,0.117,6070,27.2,34.3,0.594,75.5,1.8900000000000001,1.15
7,Czech Republic,2004,53,0.116,6230,27.1,35.5,0.591,76,1.71,1.05
7,Czech Republic,2005,53,0.115,6360,26.9,35.3,0.595,76.3,1.79,0.772
7,Czech Republic,2006,53,0.124,6530,26.7,47.9,0.593,76.8,1.58,0.825
7,Czech Republic,2007,53,0.119,6520,26.4,51.9,0.589,77,1.43,0.996
7,Czech Republic,2008,53,0.124,6490,26.4,63,0.585,77.2,1.24,0.676
7,Czech Republic,2009,53,0.151,6140,26.3,64.4,0.586,77.5,1.32,0.76
7,Czech Republic,2010,53,0.149,6350,26.3,68.8,0.583,77.7,1.2,0.667
7,Czech Republic,2011,53,0.154,6300,26.3,70.5,0.582,77.9,1.09,0.738
7,Czech Republic,2018,53,0.1315,6290,25.9,80.7,0.597,79.3,1.1199999999999999,0.766
7,Denmark,2001,90.5,0.248,6490,24.9,43,0.654,77.2,1.53,0.833
7,Denmark,2002,90.5,0.24,6530,25.1,64.3,0.661,77.2,1.51,0.895
7,Denmark,2003,90.5,0.246,6600,25.2,76.3,0.655,77.5,1.47,1.11
7,Denmark,2004,90.5,0.242,6620,25.4,80.9,0.66,77.8,1.4200000000000002,0.628
7,Denmark,2005,90.5,0.246,6660,25.6,82.7,0.659,78.3,1.31,1
7,Denmark,2006,90.5,0.239,6820,25.5,86.7,0.663,78.3,1.38,0.701
7,Denmark,2007,90.5,0.238,6670,25.8,85,0.658,78.4,1.31,0.814
7,Denmark,2008,90.5,0.241,6530,26.2,85,0.661,78.8,1.35,0.798
7,Denmark,2009,90.5,0.28,6220,26.5,86.8,0.653,79,1.35,0.802
7,Denmark,2010,90.5,0.279,6330,26.8,88.7,0.644,79.3,1.4000000000000001,0.732
7,Denmark,2011,90.5,0.217,6170,27.5,89.8,0.64,79.8,1.31,0.789
7,Denmark,2018,90.5,0.246,6510,28.2,97.3,0.63,80.9,1.18,0.789
6,Estonia,2001,69.5,0.182,4680,36.1,31.5,0.581,70.8,1.5,13.4
6,Estonia,2002,69.5,0.195,4770,35.6,41.5,0.568,71.3,1.67,10.2
6,Estonia,2003,69.5,0.191,5160,35.2,45.3,0.588,72,1.7399999999999998,9.93
7,Estonia,2004,69.5,0.187,5430,34.7,53.2,0.589,72.5,1.7000000000000002,6.74
7,Estonia,2005,69.5,0.194,5530,33.8,61.5,0.586,72.9,1.9,7.61
7,Estonia,2006,69.5,0.203,5870,32.9,63.5,0.606,73.1,1.8599999999999999,6.25
7,Estonia,2007,69.5,0.192,6280,32.3,66.2,0.607,73.2,2,6.28
7,Estonia,2008,69.5,0.252,6360,32,70.6,0.613,74.3,2.09,5.78
7,Estonia,2009,69.5,0.271,5980,31.8,72.5,0.609,75,2.21,5.02
7,Estonia,2010,69.5,0.248,6510,32.2,74.1,0.605,76,1.7000000000000002,3.96
7,Estonia,2011,69.5,0.223,6310,32.8,76.5,0.612,76.2,1.68,4.25
7,Estonia,2018,69.5,0.203,6130,32.7,89.4,0.625,78.3,2.06,5.78
7,Finland,2001,89,0.167,15700,27.2,43.1,0.612,78.2,1.1400000000000001,2.63
7,Finland,2002,89,0.172,16100,27.5,62.4,0.613,78.5,1.15,2.51
7,Finland,2003,89,0.177,16400,27.6,69.2,0.61,78.7,1.4500000000000002,1.72
7,Finland,2004,89,0.178,16800,27.7,72.4,0.606,78.8,1.47,2.31
7,Finland,2005,89,0.172,16100,27.9,74.5,0.606,79.1,1.47,1.87
7,Finland,2006,89,0.173,17200,27.9,79.7,0.61,79.5,1.44,1.84
7,Finland,2007,89,0.168,17200,27.8,80.8,0.613,79.5,1.29,2.1
7,Finland,2008,89,0.177,16300,27.9,83.7,0.615,79.8,1.39,2.12
7,Finland,2009,89,0.195,15200,27.8,82.5,0.604,80,1.5699999999999998,1.77
7,Finland,2010,89,0.201,16500,27.5,86.9,0.598,80.2,1.5,1.8
7,Finland,2011,89,0.202,15700,27.4,88.7,0.598,80.5,1.5,1.81
7,Finland,2018,89,0.1865,16100,27.1,88.9,0.581,81.6,1.4000000000000001,1.8250000000000002
6,France,2001,70,0.177,7340,31.7,26.3,0.552,79.2,2.42,0.813
7,France,2002,70,0.177,7300,31.5,30.2,0.555,79.4,2.44,0.775
7,France,2003,70,0.177,7530,31,36.1,0.561,79.6,2.4899999999999998,0.723
7,France,2004,70,0.18,7660,30.6,39.1,0.561,80.2,2.5100000000000002,0.704
7,France,2005,70,0.175,7650,30.8,42.9,0.562,80.4,2.41,0.674
7,France,2006,70,0.172,7540,31.1,46.9,0.56,80.7,2.35,0.673
7,France,2007,70,0.178,7510,31.5,66.1,0.561,81,2.2800000000000002,0.57
7,France,2008,70,0.175,7640,32.3,70.7,0.562,81.1,2.26,0.656
7,France,2009,70,0.18,7340,33,71.6,0.564,81.2,2.4899999999999998,0.712
7,France,2010,70,0.182,7730,33.2,77.3,0.563,81.4,2.34,0.617
7,France,2011,70,0.179,7230,33.1,77.8,0.56,81.6,2.26,0.626
6,France,2018,70,0.177,7440,32.7,82,0.55,83,2.29,0.6645000000000001
6,Germany,2001,80,0.173,6760,29.8,31.7,0.58,78.6,1.41,0.666
7,Germany,2002,80,0.173,6900,30.1,48.8,0.579,78.7,1.41,0.711
7,Germany,2003,80,0.173,7010,30.5,55.9,0.579,78.8,1.4000000000000001,0.642
7,Germany,2004,80,0.173,7110,30.7,64.7,0.576,79.4,1.35,0.621
7,Germany,2005,80,0.173,7140,30.9,68.7,0.585,79.7,1.3299999999999998,0.543
7,Germany,2006,80,0.156,7210,31,72.2,0.589,79.9,1.27,0.55
7,Germany,2007,80,0.151,7230,31,75.2,0.592,80.1,1.24,0.559
7,Germany,2008,80,0.151,7190,30.9,78,0.592,80.2,1.28,0.495
7,Germany,2009,80,0.172,6820,30.7,79,0.594,80.3,1.39,0.514
7,Germany,2010,80,0.177,7260,30.6,82,0.594,80.4,1.35,0.561
7,Germany,2011,80,0.171,7280,30.7,81.3,0.6,80.5,1.28,0.492
7,Germany,2018,80,0.173,7165,31.7,89.7,0.604,80.8,1.23,0.543
5,Greece,2001,43.5,0.2025,4720,32.9,10.9,0.524,79,3.25,0.885
6,Greece,2002,43.5,0.2025,4910,33,14.7,0.527,79.2,3.08,0.657
6,Greece,2003,43.5,0.2025,5090,33.3,17.8,0.53,79.1,2.4899999999999998,0.972
6,Greece,2004,43.5,0.2025,5200,33.7,21.4,0.538,79.1,2.6100000000000003,0.812
6,Greece,2005,43.5,0.2025,5300,34,24,0.536,79.3,2.8400000000000003,0.917
6,Greece,2006,43.5,0.2025,5430,34.2,32.3,0.539,79.6,2.78,0.726
6,Greece,2007,43.5,0.2025,5700,34.2,35.9,0.538,79.4,2.68,1.02
6,Greece,2008,43.5,0.2025,5810,34.1,38.2,0.538,79.8,2.98,1.19
6,Greece,2009,43.5,0.2025,5630,34,42.4,0.543,80,3.2199999999999998,1.29
6,Greece,2010,43.5,0.2025,5330,34.5,44.4,0.544,80.3,2.73,1.34
6,Greece,2011,43.5,0.2025,5390,35,51.6,0.538,80.3,2.48,1.43
6,Greece,2018,43.5,0.2025,5315,36,73,0.526,81.2,2.39,0.972
6,Hungary,2001,52.5,0.195,3430,27.9,14.5,0.487,72.4,1.5699999999999998,1.93
6,Hungary,2002,52.5,0.199,3550,28.4,16.7,0.488,72.5,1.59,2.15
6,Hungary,2003,52.5,0.214,3640,29.4,21.6,0.496,72.6,1.6400000000000001,1.63
7,Hungary,2004,52.5,0.229,3680,29.8,27.7,0.494,72.9,1.47,1.67
7,Hungary,2005,52.5,0.251,3770,30.3,39,0.501,72.9,1.41,1.51
7,Hungary,2006,52.5,0.251,3880,29.6,47.1,0.506,73.3,1.22,1.65
7,Hungary,2007,52.5,0.247,3980,29,53.3,0.504,73.5,1.27,1.46
7,Hungary,2008,52.5,0.214,3990,28.4,61,0.5,74,1.18,1.68
7,Hungary,2009,52.5,0.216,3770,28.5,62,0.5,74.2,1.13,1.07
7,Hungary,2010,52.5,0.219,3880,28.8,65,0.505,74.6,1.03,1.17
6,Hungary,2011,52.5,0.191,3900,29.6,68,0.508,74.9,1.05,1.19
5,Hungary,2018,52.5,0.214,3880,30.4,76.1,0.554,77,1.08,1.325
7,Iceland,2001,78.5,0.208,27000,26.8,49.4,0.781,80.4,0,0.745
7,Iceland,2002,78.5,0.242,27900,27.3,79.1,0.77,80.8,0,1.7
7,Iceland,2003,78.5,0.233,27700,27.8,83.1,0.768,81.1,0,0.581
7,Iceland,2004,78.5,0.234,28200,28.4,83.9,0.764,81.2,0,1.42
7,Iceland,2005,78.5,0.248,28000,28.7,87,0.758,81.4,0,1.04
7,Iceland,2006,78.5,0.253,31300,29.7,89.5,0.766,81.7,0,0.34
7,Iceland,2007,78.5,0.248,36900,29.8,90.6,0.767,81.9,0,0.619
7,Iceland,2008,78.5,0.252,50100,29.3,91,0.761,82,0,0.311
7,Iceland,2009,78.5,0.25,51300,28.6,93,0.746,82.1,0,0.334
7,Iceland,2010,78.5,0.243,51400,28,93.4,0.749,82.4,0,0.581
7,Iceland,2011,78.5,0.249,52400,26.8,94.8,0.743,82.6,0,1.01
7,Iceland,2018,78.5,0.2415,43500,27.8,99,0.769,82.9,0,0.581
7,Ireland,2001,73.5,0.114,5900,33.9,23.1,0.595,77.2,0.7040000000000001,1.02
7,Ireland,2002,73.5,0.118,6040,33.5,25.9,0.599,77.7,0.634,1.07
7,Ireland,2003,73.5,0.128,6090,33.4,34.3,0.602,78.2,0.588,0.885
7,Ireland,2004,73.5,0.136,6170,33.2,37,0.607,78.5,0.5680000000000001,0.571
7,Ireland,2005,73.5,0.139,6240,33,41.6,0.625,79,0.541,0.896
7,Ireland,2006,73.5,0.143,6350,32.6,54.8,0.633,79.3,0.513,0.98
7,Ireland,2007,73.5,0.153,6220,32.4,61.2,0.639,79.6,0.508,1.05
7,Ireland,2008,73.5,0.18,6340,32.1,65.3,0.635,79.7,0.575,0.805
7,Ireland,2009,73.5,0.199,5950,32.1,67.4,0.622,79.8,0.599,1.03
7,Ireland,2010,73.5,0.192,5930,32.4,69.8,0.612,80.7,0.5740000000000001,0.8905000000000001
7,Ireland,2011,73.5,0.187,5660,32.9,74.9,0.606,80.8,0.547,0.568
7,Ireland,2018,73.5,0.148,5995,31.8,84.5,0.596,82.1,0.331,0.8905000000000001
5,Israel,2001,61,0.219,6400,39.2,17.4,0.612,78.9,7.35,5.8
5,Israel,2002,61,0.225,6500,39.7,17.8,0.605,78.7,8.34,7.76
5,Israel,2003,61,0.217,6600,40.3,19.6,0.608,79.4,8.540000000000001,5.06
5,Israel,2004,61,0.209,6530,40.8,22.8,0.613,79.8,8.219999999999999,3.57
6,Israel,2005,61,0.208,6570,41,25.2,0.617,80.1,7.670000000000001,3.24
6,Israel,2006,61,0.206,6710,41.3,27.9,0.621,80.3,7.51,3.19
6,Israel,2007,61,0.198,7000,41.5,48.1,0.627,80.6,6.79,2.07
6,Israel,2008,61,0.199,7130,41.7,59.4,0.628,80.9,6.569999999999999,2.03
6,Israel,2009,61,0.2,6610,41.8,63.1,0.627,81.3,6.76,2.08
6,Israel,2010,61,0.215,6950,41.9,67.5,0.63,81.8,6.25,2.16
6,Israel,2011,61,0.224,6930,41.9,68.9,0.629,81.9,6.239999999999999,2.21
5,Israel,2018,61,0.209,6660,41.4,83.7,0.641,83.1,4.35,2.16
6,Italy,2001,43.5,0.228,5410,34.3,27.2,0.48,79.8,1.68,0.901
7,Italy,2002,43.5,0.235,5540,34.3,28,0.484,80.1,1.71,0.915
7,Italy,2003,43.5,0.241,5650,34.3,29,0.488,80.1,1.71,1.03
7,Italy,2004,43.5,0.236,5690,34.2,33.2,0.496,80.7,1.68,1.01
7,Italy,2005,43.5,0.218,5730,33.9,35,0.49,80.9,1.6099999999999999,0.83
7,Italy,2006,43.5,0.237,5830,33.7,38,0.489,81.2,1.53,0.819
7,Italy,2007,43.5,0.214,5800,33.6,40.8,0.486,81.4,1.4500000000000002,0.877
6,Italy,2008,43.5,0.231,5760,33.8,44.5,0.489,81.5,1.54,0.771
6,Italy,2009,43.5,0.239,5370,34.1,48.8,0.483,81.7,1.5599999999999998,0.781
6,Italy,2010,43.5,0.228,5490,34.5,53.7,0.48,82,1.51,0.699
7,Italy,2011,43.5,0.215,5510,34.7,54.4,0.479,82.1,1.49,0.706
7,Italy,2018,43.5,0.223,5525,35.4,74.4,0.484,83.3,1.3299999999999998,0.781
6,Japan,2001,74,0.225,8160,31.3,38.5,0.622,81.7,0.947,0.523
6,Japan,2002,74,0.225,8270,31.6,46.6,0.615,82,0.9560000000000001,0.51
6,Japan,2003,74,0.225,8160,32,48.4,0.612,82.1,0.9560000000000001,0.521
6,Japan,2004,74,0.225,8390,32,62.4,0.607,82.3,0.942,0.457
6,Japan,2005,74,0.225,8540,31.9,66.9,0.606,82.3,0.932,0.426
6,Japan,2006,74,0.225,8540,32,68.7,0.605,82.6,0.9169999999999999,0.429
6,Japan,2007,74,0.225,8710,32,74.3,0.607,82.8,0.898,0.357
6,Japan,2008,74,0.225,8270,31.9,75.4,0.606,82.9,0.9199999999999999,0.402
6,Japan,2009,74,0.225,8020,32.1,78,0.604,83.1,0.984,0.327
6,Japan,2010,74,0.225,8590,32.1,78.2,0.601,83.1,0.959,0.294
6,Japan,2011,74,0.225,8100,32.1,79.1,0.595,82.9,0.987,0.265
7,Japan,2018,74,0.225,8215,32.1,91.3,0.6,84.4,0.924,0.357
6,Latvia,2001,55.5,0.195,2210,34.8,7.22,0.563,70.2,1.04,11.5
6,Latvia,2002,55.5,0.213,2310,35.2,21.9,0.578,70.5,1.54,10.3
6,Latvia,2003,55.5,0.193,2490,36.2,27,0.57,70.9,1.6099999999999999,9.61
6,Latvia,2004,55.5,0.194,2610,36.4,38.6,0.573,71.2,1.6,8.53
7,Latvia,2005,55.5,0.267,2780,36.7,46,0.573,70.8,1.6099999999999999,9.14
7,Latvia,2006,55.5,0.336,2970,36.7,53.6,0.59,70.3,1.72,8.65
7,Latvia,2007,55.5,0.21,3170,36.6,59.2,0.602,70.8,1.5599999999999998,7.45
7,Latvia,2008,55.5,0.268,3210,35.9,63.4,0.615,72.1,1.63,6.78
7,Latvia,2009,55.5,0.295,3030,35.9,66.8,0.601,72.8,1.39,5.19
6,Latvia,2010,55.5,0.267,3230,35.6,68.4,0.59,73.2,1.09,5.18
6,Latvia,2011,55.5,0.247,3260,35.4,69.7,0.586,73.8,1.04,4.92
6,Latvia,2018,55.5,0.267,3100,34.2,83.6,0.604,75.3,1.9800000000000002,6.78
6,Lithuania,2001,58.5,0.181,2700,32.6,7.18,0.587,71.8,1.3599999999999999,7.51
6,Lithuania,2002,58.5,0.181,2850,33.4,17.7,0.581,72.2,1.27,5.13
6,Lithuania,2003,58.5,0.141,3090,34.2,25.9,0.601,72.2,1.1199999999999999,6.71
6,Lithuania,2004,58.5,0.147,3200,34.6,31.2,0.571,72.1,1.2,5.9
7,Lithuania,2005,58.5,0.153,3190,35.2,36.2,0.562,71.4,1.16,5.24
7,Lithuania,2006,58.5,0.158,3350,35.4,43.9,0.552,71,1.16,5.43
7,Lithuania,2007,58.5,0.149,3560,35.6,49.9,0.556,70.7,1.11,4.81
7,Lithuania,2008,58.5,0.17,3730,35.3,55.2,0.559,71.6,1.13,4.86
7,Lithuania,2009,58.5,0.177,3620,34.9,59.8,0.567,73.1,1.08,4.13
7,Lithuania,2010,58.5,0.224,3470,35,62.1,0.57,73.3,0.8789999999999999,3.94
7,Lithuania,2011,58.5,0.204,3530,34.7,63.6,0.579,73.7,0.792,4.57
7,Lithuania,2018,58.5,0.181,3500,37.4,79.7,0.605,75.3,1.96,4.6899999999999995
7,Luxembourg,2001,81.5,0.197,15600,30,36.2,0.528,78.3,0.753,2.05
7,Luxembourg,2002,81.5,0.197,16000,30.1,39.8,0.539,78.4,0.65,1.93
7,Luxembourg,2003,81.5,0.197,16300,30.3,54.5,0.532,78.7,0.672,1.04
7,Luxembourg,2004,81.5,0.197,16300,30.5,65.9,0.541,79,0.677,0.26
7,Luxembourg,2005,81.5,0.197,15600,30.7,70,0.548,79.4,0.653,1.44
7,Luxembourg,2006,81.5,0.197,16500,31.1,72.5,0.553,79.7,0.583,1.29
7,Luxembourg,2007,81.5,0.197,16400,31.3,78.9,0.55,80.1,0.562,1.09
7,Luxembourg,2008,81.5,0.153,15900,31.3,82.2,0.55,80.5,0.424,1.08
7,Luxembourg,2009,81.5,0.197,14400,31.5,87.3,0.573,80.7,0.434,0.75
7,Luxembourg,2010,81.5,0.243,16800,32.1,90.6,0.57,80.8,0.515,1.93
7,Luxembourg,2011,81.5,0.246,15600,32,90,0.569,81,0.428,0.523
7,Luxembourg,2018,81.5,0.197,15750,33.8,97.1,0.578,81.8,0.612,1.04
5,Mexico,2001,32.5,0.114,1830,50.6,7.04,0.597,74.9,0.485,29.07
6,Mexico,2002,32.5,0.12,1840,50.2,11.9,0.599,75,0.462,29.07
6,Mexico,2003,32.5,0.138,2000,49.7,12.9,0.594,75,0.445,29.07
6,Mexico,2004,32.5,0.134,1930,49.2,14.1,0.607,75.4,0.4,29.07
6,Mexico,2005,32.5,0.137,2000,48.8,17.2,0.61,75.3,0.413,29.07
5,Mexico,2006,32.5,0.134,2020,48.4,19.5,0.618,75.7,0.41900000000000004,29.07
5,Mexico,2007,32.5,0.134,2050,47.9,20.8,0.619,75.9,0.45399999999999996,29.07
5,Mexico,2008,32.5,0.135,2050,47.3,21.7,0.617,75.5,0.445,29.07
5,Mexico,2009,32.5,0.142,2000,46.9,26.3,0.616,75.2,0.539,29.07
5,Mexico,2010,32.5,0.142,2020,46.8,31.1,0.614,75.2,0.557,29.07
5,Mexico,2011,32.5,0.14,2220,46.8,37.2,0.614,75.5,0.5479999999999999,29.07
5,Mexico,2018,32.5,0.138,2020,45.9,65.8,0.613,75.6,0.539,29.07
7,Netherlands,2001,83,0.1675,6600,30.6,49.4,0.635,78.3,1.44,1.18
7,Netherlands,2002,83,0.1675,6640,30.5,61.3,0.641,78.4,1.43,1.2
7,Netherlands,2003,83,0.1675,6700,30.2,64.3,0.641,78.6,1.44,1.19
7,Netherlands,2004,83,0.1675,6880,30.1,68.5,0.643,79.1,1.43,1.12
7,Netherlands,2005,83,0.1675,6910,29.8,81,0.644,79.5,1.4000000000000001,1.04
7,Netherlands,2006,83,0.1675,7030,29.6,83.7,0.647,79.8,1.39,0.793
7,Netherlands,2007,83,0.1675,7160,29.2,85.8,0.656,80.2,1.35,0.871
7,Netherlands,2008,83,0.1675,7170,28.9,87.4,0.662,80.3,1.31,0.889
7,Netherlands,2009,83,0.1675,6860,28.5,89.6,0.664,80.6,1.4000000000000001,0.903
7,Netherlands,2010,83,0.1675,7010,28.1,90.7,0.647,80.8,1.3299999999999998,0.858
7,Netherlands,2011,83,0.1675,7060,27.8,91.4,0.641,81,1.29,0.801
7,Netherlands,2018,83,0.1675,6880,28.2,94.7,0.633,81.7,1.24,0.8645
7,New Zealand,2001,90.5,0.1885,9420,33.6,53.2,0.654,78.6,1.58,1.41
7,New Zealand,2002,90.5,0.1885,9530,33.6,59.1,0.661,78.7,1.4500000000000002,1.8
7,New Zealand,2003,90.5,0.1885,9410,33.5,61,0.658,78.9,1.44,1.43
7,New Zealand,2004,90.5,0.1885,9670,33.2,61.8,0.664,79.3,1.34,1.24
7,New Zealand,2005,90.5,0.1885,9670,32.9,62.7,0.672,79.7,1.28,1.79
7,New Zealand,2006,90.5,0.1885,9700,32.8,69,0.677,79.9,1.39,1.62
7,New Zealand,2007,90.5,0.1885,9640,32.7,69.8,0.68,80,1.3599999999999999,1.37
7,New Zealand,2008,90.5,0.1885,9560,32.6,72,0.679,80.1,1.26,1.05
7,New Zealand,2009,90.5,0.1885,9400,33.1,79.7,0.675,80.4,1.37,1.81
7,New Zealand,2010,90.5,0.1885,9600,33.2,80.5,0.672,80.7,1.38,1.07
7,New Zealand,2011,90.5,0.1885,9460,33.2,81.2,0.675,80.6,1.29,1.15
7,New Zealand,2018,90.5,0.1885,9495,35,79.7,0.691,81.8,1.16,1.37
7,Norway,2001,85.5,0.199,25600,28.2,64,0.669,78.8,1.7000000000000002,0.783
7,Norway,2002,85.5,0.2,24600,28.7,72.8,0.671,79,2.08,0.89
7,Norway,2003,85.5,0.208,23200,29.1,78.1,0.658,79.5,1.97,0.938
7,Norway,2004,85.5,0.196,24200,28.8,77.7,0.657,79.8,1.8499999999999999,0.773
7,Norway,2005,85.5,0.185,25100,28.6,82,0.654,80.1,1.58,0.632
7,Norway,2006,85.5,0.178,24100,28.5,82.5,0.657,80.4,1.4500000000000002,0.935
7,Norway,2007,85.5,0.179,24900,27.4,86.9,0.664,80.5,1.46,0.669
7,Norway,2008,85.5,0.176,24900,26.5,90.6,0.674,80.7,1.38,0.588
7,Norway,2009,85.5,0.209,23900,26.3,92.1,0.665,80.8,1.6,0.604
7,Norway,2010,85.5,0.207,24900,26,93.4,0.657,80.9,1.51,0.742
7,Norway,2011,85.5,0.196,23500,25.9,93.5,0.652,80.8,1.4500000000000002,2.6
7,Norway,2018,85.5,0.199,24150,27.5,96.5,0.641,82.5,1.6099999999999999,0.742
6,Poland,2001,60.5,0.248,3260,33.5,9.9,0.566,74.3,1.91,1.56
6,Poland,2002,60.5,0.224,3210,34.3,21.1,0.556,74.7,1.9,1.56
6,Poland,2003,60.5,0.228,3320,34.7,24.9,0.55,74.9,1.91,1.36
7,Poland,2004,60.5,0.226,3420,35,32.5,0.545,75,1.87,1.27
7,Poland,2005,60.5,0.235,3440,34.9,38.8,0.551,75.2,1.9300000000000002,1.21
7,Poland,2006,60.5,0.248,3580,34.7,44.6,0.542,75.3,1.92,1.22
7,Poland,2007,60.5,0.241,3660,34,48.6,0.54,75.3,2,1.13
7,Poland,2008,60.5,0.251,3730,33.6,53.1,0.546,75.6,1.7500000000000002,1.03
7,Poland,2009,60.5,0.258,3590,33.4,59,0.553,75.9,1.7999999999999998,0.869
7,Poland,2010,60.5,0.268,3800,33.2,62.3,0.559,76.4,1.83,0.75
7,Poland,2011,60.5,0.257,3880,33,62,0.561,76.7,1.79,0.872
6,Poland,2018,60.5,0.248,3625,30.8,77.5,0.563,78.2,1.9800000000000002,1.03
7,Portugal,2001,63,0.209,4120,37.9,18.1,0.614,77,1.91,1.22
7,Portugal,2002,63,0.22,4270,38.4,19.4,0.62,77.3,1.94,1.59
7,Portugal,2003,63,0.218,4380,38.5,29.7,0.619,77.6,1.8900000000000001,1.47
7,Portugal,2004,63,0.218,4530,38.5,31.8,0.615,78.3,1.97,0.97
7,Portugal,2005,63,0.217,4680,38.2,35,0.62,78.8,2.0500000000000003,0.97
7,Portugal,2006,63,0.208,4830,37.8,38,0.622,79.1,1.95,0.97
7,Portugal,2007,63,0.192,4890,37,42.1,0.623,79.3,1.82,0.943
7,Portugal,2008,63,0.19,4850,36.4,44.1,0.62,79.5,1.8399999999999999,1.28
7,Portugal,2009,63,0.214,4840,36.1,48.3,0.613,79.7,2.03,0.921
7,Portugal,2010,63,0.21,4960,36,53.3,0.61,80,1.9800000000000002,1.1
7,Portugal,2011,63,0.208,4850,35.9,55.3,0.604,80.4,2,0.812
7,Portugal,2018,63,0.214,4715,35.5,74.7,0.578,81.7,1.78,0.97
6,Slovenia,2001,60.5,0.257,6010,29.3,30.2,0.575,76.2,1.3,0.75
7,Slovenia,2002,60.5,0.274,6380,28.5,27.8,0.58,76.5,1.39,1.36
7,Slovenia,2003,60.5,0.284,6580,27.7,31.9,0.565,76.5,1.4000000000000001,1.17
7,Slovenia,2004,60.5,0.279,6830,26.8,40.8,0.59,77,1.43,1.65
7,Slovenia,2005,60.5,0.279,6920,25.8,46.8,0.592,77.7,1.41,1.07
7,Slovenia,2006,60.5,0.279,7120,24.4,54,0.593,78,1.54,0.541
7,Slovenia,2007,60.5,0.279,7140,24.4,56.7,0.598,78.2,1.44,0.841
7,Slovenia,2008,60.5,0.279,6920,24.4,58,0.595,78.6,1.49,0.498
7,Slovenia,2009,60.5,0.279,6100,24.5,64,0.594,79.1,1.59,0.517
7,Slovenia,2010,60.5,0.304,6510,24.8,70,0.592,79.5,1.6099999999999999,0.352
7,Slovenia,2011,60.5,0.3,6750,25.3,67.3,0.581,79.8,1.3,0.799
7,Slovenia,2018,60.5,0.279,6740,25.4,79.7,0.558,81.3,0.9740000000000001,0.799
6,South Korea,2001,54.5,0.278,6310,31.8,56.6,0.613,76.8,2.4299999999999997,1.47
6,South Korea,2002,54.5,0.278,6670,31.9,59.4,0.619,77.2,2.32,1.57
6,South Korea,2003,54.5,0.278,6980,31.9,65.5,0.614,77.6,2.33,1.62
6,South Korea,2004,54.5,0.278,7390,32,72.7,0.621,78.2,2.33,1.66
6,South Korea,2005,54.5,0.278,7800,32,73.5,0.621,78.7,2.4699999999999998,1.63
6,South Korea,2006,54.5,0.278,8040,32,78.1,0.62,79.2,2.4899999999999998,1.42
6,South Korea,2007,54.5,0.278,8460,32,78.8,0.619,79.7,2.4699999999999998,1.25
6,South Korea,2008,54.5,0.278,8770,32,81,0.614,80.1,2.6,1.23
6,South Korea,2009,54.5,0.278,8880,32.1,81.6,0.607,80.4,2.7199999999999998,1.25
6,South Korea,2010,54.5,0.278,9720,32,83.7,0.608,80.6,2.5700000000000003,1.11
6,South Korea,2011,54.5,0.278,10100,31.8,83.8,0.609,80.9,2.58,0.98
6,South Korea,2018,54.5,0.278,8615,31.6,96,0.626,82.8,2.62,1.25
6,Spain,2001,58.5,0.175,5420,31.5,18.1,0.521,79.7,1.63,0.912
7,Spain,2002,58.5,0.178,5580,31.8,20.4,0.537,79.8,1.46,0.947
7,Spain,2003,58.5,0.182,5680,31.9,39.9,0.548,79.6,1.4200000000000002,0.938
7,Spain,2004,58.5,0.185,5890,32.4,44,0.557,80.2,1.43,1.26
7,Spain,2005,58.5,0.187,6110,33,47.9,0.568,80.5,1.38,0.804
7,Spain,2006,58.5,0.19,6110,33.5,50.4,0.576,80.9,1.3599999999999999,0.761
7,Spain,2007,58.5,0.19,6050,33.9,55.1,0.581,81,1.3599999999999999,0.668
7,Spain,2008,58.5,0.2,6030,34.4,59.6,0.588,81.3,1.3599999999999999,0.74
7,Spain,2009,58.5,0.213,5650,34.8,62.4,0.59,81.7,1.35,0.636
7,Spain,2010,58.5,0.211,5710,35.1,65.8,0.593,82,1.38,0.611
7,Spain,2011,58.5,0.21,5600,35.5,67.1,0.593,82.1,1.32,0.653
7,Spain,2018,58.5,0.184,5665,36.2,86.1,0.575,83.2,1.27,0.668
7,Sweden,2001,88,0.206,16000,26.2,51.8,0.626,79.8,1.72,0.923
7,Sweden,2002,88,0.222,15700,26.3,70.6,0.625,80,1.6500000000000001,1.16
7,Sweden,2003,88,0.218,15400,25.9,79.1,0.625,80.3,1.6,0.893
7,Sweden,2004,88,0.235,15400,26,83.9,0.623,80.2,1.44,1.08
7,Sweden,2005,88,0.236,15400,26.3,84.8,0.637,80.6,1.4200000000000002,0.896
7,Sweden,2006,88,0.231,15300,26.9,87.8,0.633,80.8,1.3299999999999998,0.837
7,Sweden,2007,88,0.237,15300,27.1,82,0.636,80.9,1.31,1.15
7,Sweden,2008,88,0.248,14900,27.3,90,0.638,81,1.17,0.781
7,Sweden,2009,88,0.267,14100,27.6,91,0.633,81.2,1.18,0.907
7,Sweden,2010,88,0.262,14900,27.7,90,0.631,81.5,1.2,0.977
7,Sweden,2011,88,0.257,14000,27.8,92.8,0.634,81.6,1.1199999999999999,0.736
7,Sweden,2018,88,0.2265,15100,29,92.1,0.641,82.6,1.04,0.896
7,Switzerland,2001,86,0.21,7990,33.7,55.1,0.678,80.5,0.992,1.08
7,Switzerland,2002,86,0.224,8030,34.5,61.4,0.677,80.7,0.9560000000000001,0.93
7,Switzerland,2003,86,0.227,8200,34.7,65.1,0.678,80.9,0.927,0.669
7,Switzerland,2004,86,0.227,8210,34.7,67.8,0.673,81.3,0.889,0.886
7,Switzerland,2005,86,0.219,8310,34.4,70.1,0.67,81.5,0.853,0.97
7,Switzerland,2006,86,0.21,8360,34.1,75.7,0.674,81.7,0.773,0.604
7,Switzerland,2007,86,0.204,8160,33.7,77.2,0.677,81.9,0.734,0.576
7,Switzerland,2008,86,0.186,8310,33.5,79.2,0.682,82.2,0.739,0.531
7,Switzerland,2009,86,0.218,8020,33,81.3,0.683,82.2,0.749,0.719
7,Switzerland,2010,86,0.219,8170,32.5,83.9,0.669,82.5,0.705,0.447
7,Switzerland,2011,86,0.233,7930,32.2,85.2,0.675,82.8,0.711,0.487
7,Switzerland,2018,86,0.2255,8095,32.3,81.3,0.683,84.1,0.676,0.604
3,Turkey,2001,43.5,0.133,1610,41.5,5.19,0.486,74.8,3.5999999999999996,1.35
4,Turkey,2002,43.5,0.133,1670,41.5,11.4,0.483,75.4,3.8,1.35
4,Turkey,2003,43.5,0.133,1770,41.8,12.3,0.469,75.9,3.3000000000000003,1.35
5,Turkey,2004,43.5,0.133,1890,41.4,14.6,0.46,76.5,2.7,1.35
5,Turkey,2005,43.5,0.133,2010,40.8,15.5,0.46,76.7,2.41,1.35
5,Turkey,2006,43.5,0.133,2180,40.2,18.2,0.451,77,2.42,1.35
5,Turkey,2007,43.5,0.133,2350,39.7,28.6,0.451,77.4,2.27,1.35
5,Turkey,2008,43.5,0.133,2420,39,34.4,0.458,77.7,2.2399999999999998,1.35
5,Turkey,2009,43.5,0.133,2310,39.1,36.4,0.466,77.5,2.54,1.1
5,Turkey,2010,43.5,0.133,2490,39.4,39.8,0.477,77.6,2.32,1.45
5,Turkey,2011,43.5,0.133,2700,39.6,43.1,0.488,77.8,2.08,1.19
2,Turkey,2018,43.5,0.133,2330,41.9,71,0.515,79.2,2.5,1.35
6,United Kingdom,2001,79.5,0.133,6140,36.5,33.5,0.61,78.2,2.17,0.413
7,United Kingdom,2002,79.5,0.144,6140,36.4,56.5,0.612,78.3,2.2399999999999998,0.453
7,United Kingdom,2003,79.5,0.163,6170,35.9,64.8,0.614,78.5,2.3,0.464
7,United Kingdom,2004,79.5,0.159,6140,35.5,65.6,0.614,79,2.25,0.489
7,United Kingdom,2005,79.5,0.17,6270,35.3,70,0.617,79.3,2.18,0.426
7,United Kingdom,2006,79.5,0.197,6200,34.9,68.8,0.621,79.4,2.13,0.43
7,United Kingdom,2007,79.5,0.209,6100,34.6,75.1,0.619,79.7,2.1399999999999997,0.397
7,United Kingdom,2008,79.5,0.213,6020,34.6,78.4,0.622,79.8,2.26,0.34
7,United Kingdom,2009,79.5,0.222,5640,34.3,83.6,0.62,80.2,2.42,0.306
7,United Kingdom,2010,79.5,0.243,5700,33.7,85,0.618,80.4,2.37,0.28
7,United Kingdom,2011,79.5,0.247,5470,33.5,85.4,0.617,80.8,2.29,0.292
7,United Kingdom,2018,79.5,0.213,6060,33.2,94.9,0.623,81,1.78,0.34
7,United States,2001,74,0.199,13000,40.5,49.1,0.661,76.9,2.94,7.3
7,United States,2002,74,0.199,13300,40.5,58.8,0.657,77,3.25,6.34
7,United States,2003,74,0.199,13300,40.5,61.7,0.653,77.2,3.61,6.33
7,United States,2004,74,0.199,13400,40.6,64.8,0.65,77.5,3.7900000000000005,6.14
7,United States,2005,74,0.199,13700,40.7,68,0.651,77.6,3.8600000000000003,6.37
7,United States,2006,74,0.199,13600,40.8,68.9,0.652,77.8,3.82,6.51
7,United States,2007,74,0.199,13700,40.8,75,0.65,78,3.85,6.42
7,United States,2008,74,0.199,13700,40.8,74,0.65,78.2,4.22,6.37
7,United States,2009,74,0.199,12900,40.7,71,0.643,78.4,4.63,6.37
7,United States,2010,74,0.221,13400,40.7,71.7,0.636,78.7,4.66,6.37
7,United States,2011,74,0.209,13200,40.7,69.7,0.63,78.8,4.58,6.37
7,United States,2018,74,0.199,13300,41.5,71.4,0.616,78.6,3.16,6.37
